0,-10,236,
0,-9,235,
0,-8,234,
0,-7,233,
0,-6,232,
0,-5,231,
0,-4,230,
0,-3,229,
0,-2,228,
0,-1,227,
0,0,226,
0,1,227,
0,2,228,
0,3,229,
0,4,230,
0,5,230,
0,6,229,
0,7,228,
0,8,227,
0,9,226,
0,10,227,
0,11,227,
0,12,226,
0,13,225,
0,14,224,
0,15,225,
0,16,226,
0,17,227,
0,18,228,
0,19,229,
0,20,229,
0,21,228,
0,22,227,
0,23,226,
0,24,225,
0,25,224,
0,26,223,
0,27,222,
0,28,221,
0,29,220,
0,30,219,
0,31,218,
0,32,217,
0,33,218,
0,34,219,
0,35,220,
0,36,221,
0,37,222,
0,38,223,
0,39,224,
0,40,225,
0,41,225,
0,42,225,
0,43,224,
0,44,223,
0,45,224,
0,46,225,
0,47,226,
0,48,227,
0,49,227,
0,50,228,
0,51,229,
0,52,230,
0,53,231,
0,54,232,
0,55,233,
0,56,234,
0,57,235,
0,58,236,
0,59,237,
1,-10,235,
1,-9,234,
1,-8,233,
1,-7,232,
1,-6,231,
1,-5,230,
1,-4,229,
1,-3,228,
1,-2,227,
1,-1,226,
1,0,225,
1,1,226,
1,2,227,
1,3,228,
1,4,229,
1,5,229,
1,6,228,
1,7,227,
1,8,226,
1,9,225,
1,10,226,
1,11,226,
1,12,225,
1,13,224,
1,14,223,
1,15,224,
1,16,225,
1,17,226,
1,18,227,
1,19,228,
1,20,228,
1,21,227,
1,22,226,
1,23,225,
1,24,224,
1,25,223,
1,26,222,
1,27,221,
1,28,220,
1,29,219,
1,30,218,
1,31,217,
1,32,216,
1,33,217,
1,34,218,
1,35,219,
1,36,220,
1,37,221,
1,38,222,
1,39,223,
1,40,223,
1,41,223,
1,42,223,
1,43,223,
1,44,222,
1,45,223,
1,46,224,
1,47,225,
1,48,226,
1,49,226,
1,50,227,
1,51,228,
1,52,229,
1,53,230,
1,54,231,
1,55,232,
1,56,233,
1,57,234,
1,58,235,
1,59,236,
2,-10,234,
2,-9,233,
2,-8,232,
2,-7,231,
2,-6,230,
2,-5,229,
2,-4,228,
2,-3,227,
2,-2,226,
2,-1,225,
2,0,224,
2,1,225,
2,2,226,
2,3,227,
2,4,228,
2,5,228,
2,6,227,
2,7,226,
2,8,225,
2,9,224,
2,10,225,
2,11,225,
2,12,224,
2,13,223,
2,14,222,
2,15,223,
2,16,224,
2,17,225,
2,18,226,
2,19,227,
2,20,227,
2,21,226,
2,22,225,
2,23,224,
2,24,223,
2,25,222,
2,26,221,
2,27,220,
2,28,219,
2,29,218,
2,30,217,
2,31,216,
2,32,215,
2,33,216,
2,34,217,
2,35,218,
2,36,219,
2,37,220,
2,38,221,
2,39,221,
2,40,221,
2,41,221,
2,42,221,
2,43,221,
2,44,221,
2,45,222,
2,46,223,
2,47,224,
2,48,225,
2,49,225,
2,50,226,
2,51,227,
2,52,228,
2,53,229,
2,54,230,
2,55,231,
2,56,232,
2,57,233,
2,58,234,
2,59,235,
3,-10,233,
3,-9,232,
3,-8,231,
3,-7,230,
3,-6,229,
3,-5,228,
3,-4,227,
3,-3,226,
3,-2,225,
3,-1,224,
3,0,223,
3,1,224,
3,2,225,
3,3,226,
3,4,227,
3,5,227,
3,6,226,
3,7,225,
3,8,224,
3,9,223,
3,10,224,
3,11,224,
3,12,223,
3,13,222,
3,14,221,
3,15,222,
3,16,223,
3,17,224,
3,18,225,
3,19,226,
3,20,226,
3,21,225,
3,22,224,
3,23,223,
3,24,222,
3,25,221,
3,26,220,
3,27,219,
3,28,218,
3,29,217,
3,30,216,
3,31,215,
3,32,214,
3,33,215,
3,34,216,
3,35,217,
3,36,218,
3,37,219,
3,38,219,
3,39,219,
3,40,219,
3,41,219,
3,42,219,
3,43,219,
3,44,219,
3,45,221,
3,46,222,
3,47,223,
3,48,224,
3,49,224,
3,50,225,
3,51,226,
3,52,227,
3,53,228,
3,54,229,
3,55,230,
3,56,231,
3,57,232,
3,58,233,
3,59,234,
4,-10,232,
4,-9,231,
4,-8,230,
4,-7,229,
4,-6,228,
4,-5,227,
4,-4,226,
4,-3,225,
4,-2,224,
4,-1,223,
4,0,222,
4,1,223,
4,2,224,
4,3,225,
4,4,226,
4,5,226,
4,6,225,
4,7,224,
4,8,223,
4,9,222,
4,10,223,
4,11,223,
4,12,222,
4,13,221,
4,14,220,
4,15,221,
4,16,222,
4,17,223,
4,18,224,
4,19,224,
4,20,224,
4,21,224,
4,22,223,
4,23,222,
4,24,221,
4,25,220,
4,26,219,
4,27,218,
4,28,217,
4,29,216,
4,30,215,
4,31,214,
4,32,213,
4,33,214,
4,34,215,
4,35,216,
4,36,217,
4,37,217,
4,38,217,
4,39,217,
4,40,217,
4,41,217,
4,42,217,
4,43,217,
4,44,217,
4,45,219,
4,46,221,
4,47,222,
4,48,223,
4,49,223,
4,50,224,
4,51,225,
4,52,226,
4,53,227,
4,54,228,
4,55,229,
4,56,230,
4,57,231,
4,58,232,
4,59,233,
5,-10,231,
5,-9,230,
5,-8,229,
5,-7,228,
5,-6,227,
5,-5,226,
5,-4,225,
5,-3,224,
5,-2,223,
5,-1,222,
5,0,221,
5,1,222,
5,2,223,
5,3,224,
5,4,225,
5,5,225,
5,6,224,
5,7,223,
5,8,222,
5,9,221,
5,10,222,
5,11,222,
5,12,221,
5,13,220,
5,14,219,
5,15,220,
5,16,221,
5,17,222,
5,18,222,
5,19,222,
5,20,222,
5,21,222,
5,22,222,
5,23,221,
5,24,220,
5,25,218,
5,26,218,
5,27,217,
5,28,216,
5,29,215,
5,30,214,
5,31,213,
5,32,212,
5,33,213,
5,34,214,
5,35,215,
5,36,215,
5,37,215,
5,38,215,
5,39,215,
5,40,215,
5,41,215,
5,42,215,
5,43,215,
5,44,215,
5,45,217,
5,46,219,
5,47,221,
5,48,222,
5,49,222,
5,50,223,
5,51,224,
5,52,225,
5,53,226,
5,54,227,
5,55,228,
5,56,229,
5,57,230,
5,58,231,
5,59,232,
6,-10,230,
6,-9,229,
6,-8,228,
6,-7,227,
6,-6,226,
6,-5,225,
6,-4,224,
6,-3,223,
6,-2,222,
6,-1,221,
6,0,220,
6,1,221,
6,2,222,
6,3,223,
6,4,224,
6,5,224,
6,6,223,
6,7,222,
6,8,221,
6,9,220,
6,10,221,
6,11,221,
6,12,220,
6,13,219,
6,14,218,
6,15,219,
6,16,220,
6,17,220,
6,18,220,
6,19,220,
6,20,220,
6,21,220,
6,22,220,
6,23,220,
6,24,218,
6,25,216,
6,26,216,
6,27,216,
6,28,215,
6,29,214,
6,30,213,
6,31,212,
6,32,211,
6,33,212,
6,34,213,
6,35,213,
6,36,213,
6,37,213,
6,38,213,
6,39,213,
6,40,213,
6,41,213,
6,42,213,
6,43,213,
6,44,213,
6,45,215,
6,46,217,
6,47,219,
6,48,221,
6,49,221,
6,50,222,
6,51,223,
6,52,224,
6,53,225,
6,54,226,
6,55,227,
6,56,228,
6,57,229,
6,58,230,
6,59,231,
7,-10,229,
7,-9,228,
7,-8,227,
7,-7,226,
7,-6,225,
7,-5,224,
7,-4,223,
7,-3,222,
7,-2,221,
7,-1,220,
7,0,219,
7,1,220,
7,2,221,
7,3,222,
7,4,223,
7,5,223,
7,6,222,
7,7,221,
7,8,220,
7,9,219,
7,10,220,
7,11,220,
7,12,219,
7,13,218,
7,14,217,
7,15,218,
7,16,218,
7,17,218,
7,18,218,
7,19,218,
7,20,218,
7,21,218,
7,22,218,
7,23,218,
7,24,216,
7,25,214,
7,26,214,
7,27,214,
7,28,214,
7,29,213,
7,30,212,
7,31,211,
7,32,210,
7,33,211,
7,34,211,
7,35,211,
7,36,211,
7,37,211,
7,38,211,
7,39,211,
7,40,211,
7,41,211,
7,42,211,
7,43,211,
7,44,211,
7,45,213,
7,46,215,
7,47,217,
7,48,219,
7,49,220,
7,50,221,
7,51,222,
7,52,223,
7,53,224,
7,54,225,
7,55,226,
7,56,227,
7,57,228,
7,58,229,
7,59,230,
8,-10,228,
8,-9,227,
8,-8,226,
8,-7,225,
8,-6,224,
8,-5,223,
8,-4,222,
8,-3,221,
8,-2,220,
8,-1,219,
8,0,218,
8,1,219,
8,2,220,
8,3,221,
8,4,222,
8,5,222,
8,6,221,
8,7,220,
8,8,219,
8,9,218,
8,10,219,
8,11,219,
8,12,218,
8,13,217,
8,14,216,
8,15,216,
8,16,216,
8,17,216,
8,18,216,
8,19,216,
8,20,216,
8,21,216,
8,22,216,
8,23,216,
8,24,214,
8,25,212,
8,26,212,
8,27,212,
8,28,212,
8,29,212,
8,30,211,
8,31,210,
8,32,240,
8,33,209,
8,34,209,
8,35,209,
8,36,209,
8,37,209,
8,38,209,
8,39,209,
8,40,209,
8,41,209,
8,42,209,
8,43,209,
8,44,209,
8,45,211,
8,46,213,
8,47,215,
8,48,217,
8,49,218,
8,50,220,
8,51,221,
8,52,222,
8,53,223,
8,54,224,
8,55,225,
8,56,226,
8,57,227,
8,58,228,
8,59,229,
9,-10,227,
9,-9,226,
9,-8,225,
9,-7,224,
9,-6,223,
9,-5,222,
9,-4,221,
9,-3,220,
9,-2,219,
9,-1,218,
9,0,217,
9,1,218,
9,2,219,
9,3,220,
9,4,221,
9,5,221,
9,6,220,
9,7,219,
9,8,218,
9,9,217,
9,10,218,
9,11,218,
9,12,217,
9,13,216,
9,14,215,
9,15,216,
9,16,216,
9,17,216,
9,18,216,
9,19,216,
9,20,216,
9,21,216,
9,22,216,
9,23,216,
9,24,214,
9,25,212,
9,26,212,
9,27,212,
9,28,212,
9,29,212,
9,30,212,
9,31,211,
9,32,209,
9,33,209,
9,34,209,
9,35,209,
9,36,209,
9,37,209,
9,38,209,
9,39,209,
9,40,209,
9,41,209,
9,42,209,
9,43,209,
9,44,209,
9,45,211,
9,46,213,
9,47,215,
9,48,217,
9,49,218,
9,50,219,
9,51,220,
9,52,221,
9,53,222,
9,54,223,
9,55,224,
9,56,225,
9,57,226,
9,58,227,
9,59,228,
10,-10,226,
10,-9,225,
10,-8,224,
10,-7,223,
10,-6,222,
10,-5,221,
10,-4,220,
10,-3,219,
10,-2,218,
10,-1,217,
10,0,216,
10,1,217,
10,2,218,
10,3,219,
10,4,220,
10,5,220,
10,6,219,
10,7,218,
10,8,217,
10,9,216,
10,10,217,
10,11,217,
10,12,216,
10,13,215,
10,14,214,
10,15,215,
10,16,216,
10,17,216,
10,18,216,
10,19,216,
10,20,216,
10,21,216,
10,22,216,
10,23,216,
10,24,214,
10,25,212,
10,26,212,
10,27,212,
10,28,212,
10,29,212,
10,30,212,
10,31,211,
10,32,209,
10,33,209,
10,34,209,
10,35,209,
10,36,209,
10,37,209,
10,38,209,
10,39,209,
10,40,209,
10,41,209,
10,42,209,
10,43,209,
10,44,209,
10,45,211,
10,46,213,
10,47,215,
10,48,217,
10,49,217,
10,50,218,
10,51,219,
10,52,220,
10,53,221,
10,54,222,
10,55,223,
10,56,224,
10,57,225,
10,58,226,
10,59,227,
11,-10,225,
11,-9,224,
11,-8,223,
11,-7,222,
11,-6,221,
11,-5,220,
11,-4,219,
11,-3,218,
11,-2,217,
11,-1,216,
11,0,215,
11,1,216,
11,2,217,
11,3,218,
11,4,219,
11,5,219,
11,6,218,
11,7,217,
11,8,216,
11,9,215,
11,10,216,
11,11,216,
11,12,215,
11,13,214,
11,14,213,
11,15,214,
11,16,215,
11,17,216,
11,18,216,
11,19,216,
11,20,216,
11,21,216,
11,22,216,
11,23,216,
11,24,214,
11,25,212,
11,26,212,
11,27,212,
11,28,212,
11,29,212,
11,30,212,
11,31,211,
11,32,209,
11,33,209,
11,34,209,
11,35,209,
11,36,209,
11,37,209,
11,38,209,
11,39,209,
11,40,209,
11,41,209,
11,42,209,
11,43,209,
11,44,209,
11,45,211,
11,46,213,
11,47,215,
11,48,215,
11,49,215,
11,50,217,
11,51,218,
11,52,219,
11,53,220,
11,54,221,
11,55,222,
11,56,223,
11,57,224,
11,58,225,
11,59,226,
12,-10,224,
12,-9,223,
12,-8,222,
12,-7,221,
12,-6,220,
12,-5,219,
12,-4,218,
12,-3,217,
12,-2,216,
12,-1,215,
12,0,214,
12,1,215,
12,2,216,
12,3,217,
12,4,218,
12,5,218,
12,6,217,
12,7,216,
12,8,215,
12,9,214,
12,10,215,
12,11,215,
12,12,214,
12,13,213,
12,14,212,
12,15,213,
12,16,214,
12,17,215,
12,18,216,
12,19,216,
12,20,216,
12,21,216,
12,22,216,
12,23,216,
12,24,214,
12,25,212,
12,26,212,
12,27,212,
12,28,212,
12,29,212,
12,30,212,
12,31,211,
12,32,209,
12,33,209,
12,34,209,
12,35,209,
12,36,209,
12,37,209,
12,38,209,
12,39,209,
12,40,209,
12,41,209,
12,42,209,
12,43,209,
12,44,209,
12,45,211,
12,46,213,
12,47,213,
12,48,213,
12,49,213,
12,50,215,
12,51,217,
12,52,218,
12,53,219,
12,54,220,
12,55,221,
12,56,222,
12,57,223,
12,58,224,
12,59,225,
13,-10,223,
13,-9,222,
13,-8,221,
13,-7,220,
13,-6,219,
13,-5,218,
13,-4,217,
13,-3,216,
13,-2,215,
13,-1,214,
13,0,213,
13,1,214,
13,2,215,
13,3,216,
13,4,217,
13,5,217,
13,6,216,
13,7,215,
13,8,214,
13,9,213,
13,10,213,
13,11,213,
13,12,213,
13,13,212,
13,14,211,
13,15,212,
13,16,213,
13,17,214,
13,18,215,
13,19,216,
13,20,216,
13,21,216,
13,22,216,
13,23,216,
13,24,214,
13,25,212,
13,26,212,
13,27,212,
13,28,212,
13,29,212,
13,30,212,
13,31,211,
13,32,209,
13,33,209,
13,34,209,
13,35,209,
13,36,209,
13,37,209,
13,38,209,
13,39,209,
13,40,209,
13,41,209,
13,42,209,
13,43,209,
13,44,209,
13,45,211,
13,46,211,
13,47,211,
13,48,211,
13,49,211,
13,50,213,
13,51,215,
13,52,217,
13,53,218,
13,54,219,
13,55,220,
13,56,221,
13,57,222,
13,58,223,
13,59,224,
14,-10,222,
14,-9,221,
14,-8,220,
14,-7,219,
14,-6,218,
14,-5,217,
14,-4,216,
14,-3,215,
14,-2,214,
14,-1,213,
14,0,212,
14,1,213,
14,2,214,
14,3,215,
14,4,215,
14,5,215,
14,6,215,
14,7,214,
14,8,213,
14,9,211,
14,10,211,
14,11,211,
14,12,211,
14,13,211,
14,14,210,
14,15,211,
14,16,212,
14,17,213,
14,18,214,
14,19,215,
14,20,216,
14,21,216,
14,22,216,
14,23,215,
14,24,214,
14,25,212,
14,26,212,
14,27,212,
14,28,212,
14,29,212,
14,30,212,
14,31,211,
14,32,209,
14,33,209,
14,34,209,
14,35,209,
14,36,209,
14,37,209,
14,38,209,
14,39,209,
14,40,209,
14,41,209,
14,42,209,
14,43,209,
14,44,240,
14,45,209,
14,46,209,
14,47,209,
14,48,209,
14,49,209,
14,50,211,
14,51,213,
14,52,215,
14,53,217,
14,54,218,
14,55,219,
14,56,220,
14,57,221,
14,58,222,
14,59,223,
15,-10,221,
15,-9,220,
15,-8,219,
15,-7,218,
15,-6,217,
15,-5,216,
15,-4,215,
15,-3,214,
15,-2,213,
15,-1,212,
15,0,211,
15,1,212,
15,2,213,
15,3,213,
15,4,213,
15,5,213,
15,6,213,
15,7,213,
15,8,211,
15,9,209,
15,10,209,
15,11,209,
15,12,209,
15,13,209,
15,14,240,
15,15,210,
15,16,211,
15,17,212,
15,18,213,
15,19,214,
15,20,215,
15,21,216,
15,22,215,
15,23,214,
15,24,213,
15,25,212,
15,26,212,
15,27,212,
15,28,212,
15,29,212,
15,30,212,
15,31,212,
15,32,211,
15,33,211,
15,34,211,
15,35,211,
15,36,211,
15,37,211,
15,38,210,
15,39,211,
15,40,211,
15,41,211,
15,42,211,
15,43,211,
15,44,209,
15,45,209,
15,46,209,
15,47,209,
15,48,209,
15,49,209,
15,50,211,
15,51,213,
15,52,215,
15,53,216,
15,54,217,
15,55,218,
15,56,219,
15,57,220,
15,58,221,
15,59,222,
16,-10,220,
16,-9,219,
16,-8,218,
16,-7,217,
16,-6,216,
16,-5,215,
16,-4,214,
16,-3,213,
16,-2,212,
16,-1,211,
16,0,210,
16,1,211,
16,2,211,
16,3,211,
16,4,211,
16,5,211,
16,6,211,
16,7,211,
16,8,211,
16,9,209,
16,10,209,
16,11,209,
16,12,209,
16,13,209,
16,14,208,
16,15,211,
16,16,212,
16,17,213,
16,18,214,
16,19,215,
16,20,216,
16,21,216,
16,22,216,
16,23,215,
16,24,214,
16,25,212,
16,26,212,
16,27,212,
16,28,212,
16,29,212,
16,30,212,
16,31,212,
16,32,212,
16,33,213,
16,34,213,
16,35,213,
16,36,213,
16,37,212,
16,38,211,
16,39,212,
16,40,213,
16,41,213,
16,42,213,
16,43,211,
16,44,209,
16,45,209,
16,46,209,
16,47,209,
16,48,209,
16,49,209,
16,50,211,
16,51,213,
16,52,214,
16,53,215,
16,54,216,
16,55,217,
16,56,218,
16,57,219,
16,58,220,
16,59,221,
17,-10,219,
17,-9,218,
17,-8,217,
17,-7,216,
17,-6,215,
17,-5,214,
17,-4,213,
17,-3,212,
17,-2,211,
17,-1,210,
17,0,240,
17,1,209,
17,2,209,
17,3,209,
17,4,209,
17,5,209,
17,6,209,
17,7,209,
17,8,209,
17,9,240,
17,10,209,
17,11,209,
17,12,209,
17,13,208,
17,14,207,
17,15,210,
17,16,213,
17,17,214,
17,18,215,
17,19,216,
17,20,216,
17,21,216,
17,22,216,
17,23,216,
17,24,214,
17,25,212,
17,26,212,
17,27,212,
17,28,212,
17,29,212,
17,30,212,
17,31,212,
17,32,212,
17,33,214,
17,34,215,
17,35,215,
17,36,214,
17,37,213,
17,38,212,
17,39,213,
17,40,214,
17,41,215,
17,42,213,
17,43,211,
17,44,209,
17,45,209,
17,46,209,
17,47,209,
17,48,209,
17,49,209,
17,50,211,
17,51,212,
17,52,213,
17,53,214,
17,54,215,
17,55,216,
17,56,217,
17,57,218,
17,58,219,
17,59,220,
18,-10,220,
18,-9,219,
18,-8,218,
18,-7,217,
18,-6,216,
18,-5,215,
18,-4,214,
18,-3,213,
18,-2,212,
18,-1,211,
18,0,210,
18,1,211,
18,2,211,
18,3,210,
18,4,211,
18,5,211,
18,6,211,
18,7,211,
18,8,211,
18,9,210,
18,10,211,
18,11,211,
18,12,210,
18,13,209,
18,14,208,
18,15,211,
18,16,213,
18,17,215,
18,18,216,
18,19,216,
18,20,216,
18,21,216,
18,22,216,
18,23,215,
18,24,214,
18,25,212,
18,26,212,
18,27,212,
18,28,212,
18,29,212,
18,30,212,
18,31,212,
18,32,212,
18,33,213,
18,34,214,
18,35,215,
18,36,215,
18,37,214,
18,38,213,
18,39,214,
18,40,215,
18,41,214,
18,42,213,
18,43,211,
18,44,209,
18,45,209,
18,46,209,
18,47,209,
18,48,208,
18,49,240,
18,50,210,
18,51,211,
18,52,212,
18,53,213,
18,54,214,
18,55,215,
18,56,216,
18,57,217,
18,58,218,
18,59,219,
19,-10,221,
19,-9,220,
19,-8,219,
19,-7,218,
19,-6,217,
19,-5,216,
19,-4,215,
19,-3,214,
19,-2,213,
19,-1,212,
19,0,211,
19,1,212,
19,2,212,
19,3,211,
19,4,212,
19,5,213,
19,6,213,
19,7,213,
19,8,212,
19,9,211,
19,10,212,
19,11,212,
19,12,211,
19,13,210,
19,14,209,
19,15,211,
19,16,213,
19,17,215,
19,18,216,
19,19,216,
19,20,216,
19,21,215,
19,22,215,
19,23,214,
19,24,213,
19,25,212,
19,26,212,
19,27,212,
19,28,212,
19,29,212,
19,30,212,
19,31,212,
19,32,211,
19,33,212,
19,34,213,
19,35,214,
19,36,215,
19,37,215,
19,38,214,
19,39,215,
19,40,215,
19,41,215,
19,42,214,
19,43,213,
19,44,211,
19,45,211,
19,46,211,
19,47,210,
19,48,209,
19,49,209,
19,50,211,
19,51,212,
19,52,213,
19,53,214,
19,54,215,
19,55,216,
19,56,217,
19,57,218,
19,58,219,
19,59,220,
20,-10,222,
20,-9,221,
20,-8,220,
20,-7,219,
20,-6,218,
20,-5,217,
20,-4,216,
20,-3,215,
20,-2,214,
20,-1,213,
20,0,212,
20,1,212,
20,2,212,
20,3,212,
20,4,213,
20,5,214,
20,6,215,
20,7,214,
20,8,213,
20,9,212,
20,10,212,
20,11,212,
20,12,212,
20,13,211,
20,14,209,
20,15,211,
20,16,213,
20,17,215,
20,18,216,
20,19,216,
20,20,215,
20,21,213,
20,22,213,
20,23,213,
20,24,212,
20,25,211,
20,26,212,
20,27,212,
20,28,212,
20,29,212,
20,30,212,
20,31,211,
20,32,210,
20,33,211,
20,34,212,
20,35,213,
20,36,214,
20,37,215,
20,38,215,
20,39,215,
20,40,215,
20,41,215,
20,42,215,
20,43,214,
20,44,213,
20,45,213,
20,46,212,
20,47,211,
20,48,209,
20,49,209,
20,50,211,
20,51,213,
20,52,214,
20,53,215,
20,54,216,
20,55,217,
20,56,218,
20,57,219,
20,58,220,
20,59,221,
21,-10,223,
21,-9,222,
21,-8,221,
21,-7,220,
21,-6,219,
21,-5,218,
21,-4,217,
21,-3,216,
21,-2,215,
21,-1,214,
21,0,212,
21,1,212,
21,2,212,
21,3,212,
21,4,214,
21,5,215,
21,6,215,
21,7,215,
21,8,214,
21,9,212,
21,10,212,
21,11,212,
21,12,212,
21,13,211,
21,14,209,
21,15,211,
21,16,213,
21,17,215,
21,18,216,
21,19,215,
21,20,213,
21,21,211,
21,22,211,
21,23,211,
21,24,211,
21,25,210,
21,26,211,
21,27,212,
21,28,212,
21,29,212,
21,30,211,
21,31,210,
21,32,209,
21,33,210,
21,34,211,
21,35,212,
21,36,213,
21,37,214,
21,38,214,
21,39,215,
21,40,215,
21,41,215,
21,42,215,
21,43,214,
21,44,213,
21,45,214,
21,46,213,
21,47,211,
21,48,209,
21,49,209,
21,50,211,
21,51,213,
21,52,215,
21,53,216,
21,54,217,
21,55,218,
21,56,219,
21,57,220,
21,58,221,
21,59,222,
22,-10,224,
22,-9,223,
22,-8,222,
22,-7,221,
22,-6,220,
22,-5,219,
22,-4,218,
22,-3,217,
22,-2,216,
22,-1,214,
22,0,212,
22,1,212,
22,2,212,
22,3,212,
22,4,214,
22,5,215,
22,6,215,
22,7,215,
22,8,214,
22,9,212,
22,10,212,
22,11,212,
22,12,212,
22,13,211,
22,14,209,
22,15,211,
22,16,213,
22,17,214,
22,18,215,
22,19,213,
22,20,211,
22,21,209,
22,22,209,
22,23,209,
22,24,209,
22,25,240,
22,26,210,
22,27,211,
22,28,212,
22,29,211,
22,30,210,
22,31,209,
22,32,208,
22,33,209,
22,34,210,
22,35,211,
22,36,212,
22,37,212,
22,38,212,
22,39,213,
22,40,213,
22,41,213,
22,42,213,
22,43,212,
22,44,212,
22,45,213,
22,46,213,
22,47,211,
22,48,209,
22,49,209,
22,50,211,
22,51,213,
22,52,215,
22,53,216,
22,54,217,
22,55,218,
22,56,219,
22,57,220,
22,58,221,
22,59,222,
23,-10,225,
23,-9,224,
23,-8,223,
23,-7,222,
23,-6,221,
23,-5,220,
23,-4,219,
23,-3,218,
23,-2,216,
23,-1,214,
23,0,212,
23,1,212,
23,2,212,
23,3,212,
23,4,214,
23,5,215,
23,6,215,
23,7,214,
23,8,213,
23,9,212,
23,10,212,
23,11,212,
23,12,212,
23,13,211,
23,14,209,
23,15,211,
23,16,213,
23,17,215,
23,18,214,
23,19,213,
23,20,211,
23,21,209,
23,22,209,
23,23,209,
23,24,209,
23,25,209,
23,26,211,
23,27,212,
23,28,212,
23,29,212,
23,30,211,
23,31,210,
23,32,209,
23,33,210,
23,34,211,
23,35,212,
23,36,212,
23,37,212,
23,38,211,
23,39,211,
23,40,211,
23,41,211,
23,42,210,
23,43,209,
23,44,210,
23,45,211,
23,46,211,
23,47,211,
23,48,209,
23,49,209,
23,50,211,
23,51,213,
23,52,214,
23,53,215,
23,54,216,
23,55,217,
23,56,218,
23,57,219,
23,58,220,
23,59,221,
24,-10,226,
24,-9,225,
24,-8,224,
24,-7,223,
24,-6,222,
24,-5,221,
24,-4,220,
24,-3,218,
24,-2,216,
24,-1,214,
24,0,212,
24,1,212,
24,2,212,
24,3,212,
24,4,214,
24,5,215,
24,6,214,
24,7,213,
24,8,212,
24,9,211,
24,10,212,
24,11,212,
24,12,212,
24,13,211,
24,14,209,
24,15,211,
24,16,213,
24,17,213,
24,18,213,
24,19,212,
24,20,211,
24,21,209,
24,22,209,
24,23,209,
24,24,209,
24,25,209,
24,26,211,
24,27,212,
24,28,212,
24,29,211,
24,30,212,
24,31,211,
24,32,210,
24,33,211,
24,34,212,
24,35,212,
24,36,212,
24,37,211,
24,38,209,
24,39,209,
24,40,209,
24,41,208,
24,42,207,
24,43,206,
24,44,207,
24,45,208,
24,46,209,
24,47,209,
24,48,240,
24,49,209,
24,50,211,
24,51,212,
24,52,213,
24,53,214,
24,54,215,
24,55,216,
24,56,217,
24,57,218,
24,58,219,
24,59,220,
25,-10,225,
25,-9,224,
25,-8,223,
25,-7,222,
25,-6,221,
25,-5,220,
25,-4,219,
25,-3,218,
25,-2,216,
25,-1,214,
25,0,212,
25,1,212,
25,2,212,
25,3,212,
25,4,213,
25,5,213,
25,6,213,
25,7,212,
25,8,211,
25,9,210,
25,10,211,
25,11,212,
25,12,212,
25,13,211,
25,14,209,
25,15,211,
25,16,211,
25,17,211,
25,18,211,
25,19,211,
25,20,210,
25,21,209,
25,22,209,
25,23,209,
25,24,209,
25,25,209,
25,26,210,
25,27,211,
25,28,211,
25,29,210,
25,30,211,
25,31,212,
25,32,211,
25,33,211,
25,34,212,
25,35,212,
25,36,212,
25,37,211,
25,38,209,
25,39,209,
25,40,208,
25,41,207,
25,42,206,
25,43,205,
25,44,206,
25,45,207,
25,46,208,
25,47,209,
25,48,209,
25,49,211,
25,50,212,
25,51,213,
25,52,214,
25,53,215,
25,54,216,
25,55,217,
25,56,218,
25,57,219,
25,58,220,
25,59,221,
26,-10,224,
26,-9,223,
26,-8,222,
26,-7,221,
26,-6,220,
26,-5,219,
26,-4,218,
26,-3,217,
26,-2,216,
26,-1,214,
26,0,212,
26,1,212,
26,2,212,
26,3,211,
26,4,211,
26,5,211,
26,6,210,
26,7,211,
26,8,210,
26,9,209,
26,10,210,
26,11,211,
26,12,211,
26,13,210,
26,14,240,
26,15,209,
26,16,209,
26,17,209,
26,18,209,
26,19,209,
26,20,209,
26,21,208,
26,22,209,
26,23,209,
26,24,209,
26,25,208,
26,26,209,
26,27,209,
26,28,209,
26,29,209,
26,30,210,
26,31,211,
26,32,211,
26,33,210,
26,34,210,
26,35,210,
26,36,210,
26,37,210,
26,38,240,
26,39,208,
26,40,207,
26,41,206,
26,42,205,
26,43,204,
26,44,205,
26,45,206,
26,46,207,
26,47,208,
26,48,209,
26,49,211,
26,50,213,
26,51,214,
26,52,215,
26,53,216,
26,54,217,
26,55,218,
26,56,219,
26,57,220,
26,58,221,
26,59,222,
27,-10,223,
27,-9,222,
27,-8,221,
27,-7,220,
27,-6,219,
27,-5,218,
27,-4,217,
27,-3,216,
27,-2,215,
27,-1,214,
27,0,212,
27,1,212,
27,2,211,
27,3,210,
27,4,211,
27,5,210,
27,6,209,
27,7,210,
27,8,211,
27,9,210,
27,10,211,
27,11,211,
27,12,211,
27,13,211,
27,14,209,
27,15,209,
27,16,208,
27,17,209,
27,18,209,
27,19,209,
27,20,209,
27,21,240,
27,22,209,
27,23,209,
27,24,209,
27,25,209,
27,26,209,
27,27,209,
27,28,209,
27,29,209,
27,30,210,
27,31,211,
27,32,211,
27,33,210,
27,34,210,
27,35,210,
27,36,210,
27,37,210,
27,38,209,
27,39,209,
27,40,208,
27,41,207,
27,42,206,
27,43,205,
27,44,206,
27,45,207,
27,46,208,
27,47,209,
27,48,210,
27,49,212,
27,50,214,
27,51,215,
27,52,216,
27,53,217,
27,54,218,
27,55,219,
27,56,220,
27,57,221,
27,58,222,
27,59,223,
28,-10,222,
28,-9,221,
28,-8,220,
28,-7,219,
28,-6,218,
28,-5,217,
28,-4,216,
28,-3,215,
28,-2,214,
28,-1,213,
28,0,212,
28,1,211,
28,2,210,
28,3,240,
28,4,209,
28,5,209,
28,6,208,
28,7,209,
28,8,210,
28,9,211,
28,10,211,
28,11,211,
28,12,211,
28,13,211,
28,14,211,
28,15,210,
28,16,209,
28,17,210,
28,18,211,
28,19,211,
28,20,211,
28,21,209,
28,22,211,
28,23,211,
28,24,211,
28,25,210,
28,26,211,
28,27,211,
28,28,211,
28,29,210,
28,30,211,
28,31,212,
28,32,212,
28,33,210,
28,34,210,
28,35,210,
28,36,210,
28,37,209,
28,38,208,
28,39,209,
28,40,209,
28,41,208,
28,42,207,
28,43,206,
28,44,207,
28,45,208,
28,46,209,
28,47,210,
28,48,210,
28,49,212,
28,50,214,
28,51,216,
28,52,217,
28,53,218,
28,54,219,
28,55,220,
28,56,221,
28,57,222,
28,58,223,
28,59,224,
29,-10,223,
29,-9,222,
29,-8,221,
29,-7,220,
29,-6,219,
29,-5,218,
29,-4,217,
29,-3,216,
29,-2,215,
29,-1,214,
29,0,213,
29,1,212,
29,2,211,
29,3,209,
29,4,209,
29,5,209,
29,6,209,
29,7,210,
29,8,211,
29,9,212,
29,10,213,
29,11,213,
29,12,213,
29,13,213,
29,14,211,
29,15,211,
29,16,210,
29,17,211,
29,18,212,
29,19,213,
29,20,211,
29,21,209,
29,22,211,
29,23,213,
29,24,212,
29,25,211,
29,26,212,
29,27,213,
29,28,212,
29,29,211,
29,30,212,
29,31,213,
29,32,212,
29,33,210,
29,34,210,
29,35,210,
29,36,209,
29,37,208,
29,38,207,
29,39,208,
29,40,209,
29,41,209,
29,42,208,
29,43,207,
29,44,208,
29,45,209,
29,46,210,
29,47,210,
29,48,210,
29,49,212,
29,50,214,
29,51,216,
29,52,218,
29,53,219,
29,54,220,
29,55,221,
29,56,222,
29,57,223,
29,58,224,
29,59,225,
30,-10,224,
30,-9,223,
30,-8,222,
30,-7,221,
30,-6,220,
30,-5,219,
30,-4,218,
30,-3,217,
30,-2,216,
30,-1,215,
30,0,214,
30,1,213,
30,2,211,
30,3,209,
30,4,209,
30,5,209,
30,6,209,
30,7,211,
30,8,212,
30,9,213,
30,10,213,
30,11,212,
30,12,213,
30,13,212,
30,14,211,
30,15,210,
30,16,209,
30,17,210,
30,18,211,
30,19,211,
30,20,211,
30,21,209,
30,22,211,
30,23,211,
30,24,211,
30,25,210,
30,26,211,
30,27,211,
30,28,211,
30,29,210,
30,30,211,
30,31,212,
30,32,212,
30,33,210,
30,34,210,
30,35,209,
30,36,208,
30,37,207,
30,38,206,
30,39,207,
30,40,208,
30,41,209,
30,42,209,
30,43,208,
30,44,209,
30,45,210,
30,46,210,
30,47,210,
30,48,210,
30,49,212,
30,50,214,
30,51,216,
30,52,218,
30,53,220,
30,54,221,
30,55,222,
30,56,223,
30,57,224,
30,58,225,
30,59,226,
31,-10,225,
31,-9,224,
31,-8,223,
31,-7,222,
31,-6,221,
31,-5,220,
31,-4,219,
31,-3,218,
31,-2,217,
31,-1,216,
31,0,215,
31,1,213,
31,2,211,
31,3,209,
31,4,209,
31,5,209,
31,6,209,
31,7,211,
31,8,213,
31,9,213,
31,10,212,
31,11,211,
31,12,211,
31,13,211,
31,14,209,
31,15,209,
31,16,208,
31,17,209,
31,18,209,
31,19,209,
31,20,209,
31,21,240,
31,22,209,
31,23,208,
31,24,209,
31,25,209,
31,26,209,
31,27,209,
31,28,209,
31,29,209,
31,30,210,
31,31,211,
31,32,211,
31,33,210,
31,34,209,
31,35,208,
31,36,207,
31,37,206,
31,38,205,
31,39,206,
31,40,207,
31,41,208,
31,42,209,
31,43,209,
31,44,210,
31,45,210,
31,46,210,
31,47,210,
31,48,210,
31,49,212,
31,50,214,
31,51,216,
31,52,218,
31,53,220,
31,54,221,
31,55,222,
31,56,223,
31,57,224,
31,58,225,
31,59,226,
32,-10,226,
32,-9,225,
32,-8,224,
32,-7,223,
32,-6,222,
32,-5,221,
32,-4,220,
32,-3,219,
32,-2,218,
32,-1,217,
32,0,215,
32,1,213,
32,2,211,
32,3,209,
32,4,209,
32,5,209,
32,6,209,
32,7,211,
32,8,211,
32,9,210,
32,10,209,
32,11,208,
32,12,209,
32,13,209,
32,14,209,
32,15,209,
32,16,209,
32,17,209,
32,18,209,
32,19,209,
32,20,209,
32,21,208,
32,22,208,
32,23,207,
32,24,208,
32,25,209,
32,26,209,
32,27,209,
32,28,209,
32,29,209,
32,30,210,
32,31,211,
32,32,211,
32,33,209,
32,34,208,
32,35,207,
32,36,206,
32,37,205,
32,38,204,
32,39,205,
32,40,206,
32,41,207,
32,42,208,
32,43,240,
32,44,210,
32,45,210,
32,46,210,
32,47,210,
32,48,210,
32,49,212,
32,50,214,
32,51,216,
32,52,218,
32,53,219,
32,54,220,
32,55,221,
32,56,222,
32,57,223,
32,58,224,
32,59,225,
33,-10,225,
33,-9,224,
33,-8,223,
33,-7,222,
33,-6,221,
33,-5,220,
33,-4,219,
33,-3,218,
33,-2,217,
33,-1,216,
33,0,215,
33,1,213,
33,2,211,
33,3,209,
33,4,209,
33,5,209,
33,6,240,
33,7,209,
33,8,208,
33,9,207,
33,10,206,
33,11,205,
33,12,206,
33,13,207,
33,14,207,
33,15,209,
33,16,208,
33,17,209,
33,18,209,
33,19,209,
33,20,208,
33,21,206,
33,22,206,
33,23,206,
33,24,207,
33,25,208,
33,26,209,
33,27,209,
33,28,209,
33,29,209,
33,30,211,
33,31,212,
33,32,211,
33,33,209,
33,34,209,
33,35,208,
33,36,207,
33,37,206,
33,38,205,
33,39,206,
33,40,207,
33,41,208,
33,42,209,
33,43,209,
33,44,211,
33,45,212,
33,46,212,
33,47,212,
33,48,212,
33,49,214,
33,50,216,
33,51,218,
33,52,219,
33,53,220,
33,54,221,
33,55,222,
33,56,223,
33,57,224,
33,58,225,
33,59,226,
34,-10,226,
34,-9,225,
34,-8,224,
34,-7,223,
34,-6,222,
34,-5,221,
34,-4,220,
34,-3,219,
34,-2,218,
34,-1,217,
34,0,216,
34,1,215,
34,2,213,
34,3,211,
34,4,211,
34,5,211,
34,6,209,
34,7,208,
34,8,207,
34,9,206,
34,10,205,
34,11,204,
34,12,205,
34,13,206,
34,14,207,
34,15,208,
34,16,240,
34,17,209,
34,18,209,
34,19,208,
34,20,206,
34,21,204,
34,22,204,
34,23,204,
34,24,206,
34,25,207,
34,26,208,
34,27,209,
34,28,209,
34,29,209,
34,30,211,
34,31,211,
34,32,210,
34,33,209,
34,34,209,
34,35,209,
34,36,207,
34,37,207,
34,38,206,
34,39,207,
34,40,208,
34,41,209,
34,42,209,
34,43,209,
34,44,211,
34,45,213,
34,46,214,
34,47,214,
34,48,214,
34,49,216,
34,50,218,
34,51,219,
34,52,220,
34,53,221,
34,54,222,
34,55,223,
34,56,224,
34,57,225,
34,58,226,
34,59,227,
35,-10,227,
35,-9,226,
35,-8,225,
35,-7,224,
35,-6,223,
35,-5,222,
35,-4,221,
35,-3,220,
35,-2,219,
35,-1,218,
35,0,217,
35,1,216,
35,2,215,
35,3,213,
35,4,213,
35,5,211,
35,6,209,
35,7,209,
35,8,208,
35,9,207,
35,10,206,
35,11,205,
35,12,206,
35,13,207,
35,14,208,
35,15,209,
35,16,209,
35,17,211,
35,18,210,
35,19,208,
35,20,206,
35,21,204,
35,22,204,
35,23,204,
35,24,205,
35,25,206,
35,26,207,
35,27,208,
35,28,209,
35,29,240,
35,30,209,
35,31,209,
35,32,209,
35,33,208,
35,34,209,
35,35,208,
35,36,207,
35,37,207,
35,38,207,
35,39,208,
35,40,209,
35,41,209,
35,42,209,
35,43,209,
35,44,211,
35,45,213,
35,46,215,
35,47,216,
35,48,216,
35,49,218,
35,50,219,
35,51,220,
35,52,221,
35,53,222,
35,54,223,
35,55,224,
35,56,225,
35,57,226,
35,58,227,
35,59,228,
36,-10,228,
36,-9,227,
36,-8,226,
36,-7,225,
36,-6,224,
36,-5,223,
36,-4,222,
36,-3,221,
36,-2,220,
36,-1,219,
36,0,218,
36,1,217,
36,2,216,
36,3,215,
36,4,213,
36,5,211,
36,6,209,
36,7,209,
36,8,209,
36,9,208,
36,10,207,
36,11,206,
36,12,207,
36,13,208,
36,14,209,
36,15,209,
36,16,209,
36,17,211,
36,18,212,
36,19,210,
36,20,208,
36,21,206,
36,22,206,
36,23,205,
36,24,206,
36,25,207,
36,26,208,
36,27,209,
36,28,209,
36,29,208,
36,30,209,
36,31,209,
36,32,209,
36,33,240,
36,34,208,
36,35,207,
36,36,206,
36,37,207,
36,38,207,
36,39,209,
36,40,209,
36,41,209,
36,42,209,
36,43,209,
36,44,211,
36,45,213,
36,46,215,
36,47,217,
36,48,218,
36,49,219,
36,50,220,
36,51,221,
36,52,222,
36,53,223,
36,54,224,
36,55,225,
36,56,226,
36,57,227,
36,58,228,
36,59,229,
37,-10,229,
37,-9,228,
37,-8,227,
37,-7,226,
37,-6,225,
37,-5,224,
37,-4,223,
37,-3,222,
37,-2,221,
37,-1,220,
37,0,219,
37,1,218,
37,2,217,
37,3,215,
37,4,213,
37,5,211,
37,6,209,
37,7,209,
37,8,209,
37,9,209,
37,10,208,
37,11,207,
37,12,208,
37,13,209,
37,14,209,
37,15,209,
37,16,209,
37,17,210,
37,18,211,
37,19,212,
37,20,210,
37,21,208,
37,22,207,
37,23,206,
37,24,207,
37,25,208,
37,26,209,
37,27,209,
37,28,209,
37,29,209,
37,30,210,
37,31,211,
37,32,211,
37,33,209,
37,34,209,
37,35,208,
37,36,207,
37,37,208,
37,38,209,
37,39,210,
37,40,210,
37,41,210,
37,42,210,
37,43,210,
37,44,212,
37,45,214,
37,46,216,
37,47,218,
37,48,219,
37,49,220,
37,50,221,
37,51,222,
37,52,223,
37,53,224,
37,54,225,
37,55,226,
37,56,227,
37,57,228,
37,58,229,
37,59,230,
38,-10,230,
38,-9,229,
38,-8,228,
38,-7,227,
38,-6,226,
38,-5,225,
38,-4,224,
38,-3,223,
38,-2,222,
38,-1,221,
38,0,220,
38,1,219,
38,2,217,
38,3,215,
38,4,213,
38,5,211,
38,6,209,
38,7,209,
38,8,209,
38,9,209,
38,10,209,
38,11,208,
38,12,209,
38,13,209,
38,14,209,
38,15,209,
38,16,208,
38,17,209,
38,18,210,
38,19,211,
38,20,212,
38,21,209,
38,22,208,
38,23,207,
38,24,208,
38,25,209,
38,26,209,
38,27,209,
38,28,209,
38,29,209,
38,30,211,
38,31,212,
38,32,211,
38,33,209,
38,34,209,
38,35,209,
38,36,208,
38,37,209,
38,38,210,
38,39,210,
38,40,210,
38,41,210,
38,42,210,
38,43,210,
38,44,212,
38,45,214,
38,46,216,
38,47,218,
38,48,220,
38,49,221,
38,50,222,
38,51,223,
38,52,224,
38,53,225,
38,54,226,
38,55,227,
38,56,228,
38,57,229,
38,58,230,
38,59,231,
39,-10,230,
39,-9,229,
39,-8,228,
39,-7,227,
39,-6,226,
39,-5,225,
39,-4,224,
39,-3,223,
39,-2,222,
39,-1,221,
39,0,220,
39,1,219,
39,2,217,
39,3,215,
39,4,213,
39,5,211,
39,6,209,
39,7,209,
39,8,209,
39,9,209,
39,10,209,
39,11,240,
39,12,208,
39,13,209,
39,14,209,
39,15,208,
39,16,207,
39,17,208,
39,18,209,
39,19,210,
39,20,211,
39,21,210,
39,22,209,
39,23,208,
39,24,209,
39,25,209,
39,26,208,
39,27,209,
39,28,209,
39,29,209,
39,30,211,
39,31,211,
39,32,210,
39,33,209,
39,34,209,
39,35,209,
39,36,209,
39,37,210,
39,38,210,
39,39,210,
39,40,210,
39,41,210,
39,42,210,
39,43,210,
39,44,212,
39,45,214,
39,46,216,
39,47,218,
39,48,220,
39,49,222,
39,50,223,
39,51,224,
39,52,225,
39,53,226,
39,54,227,
39,55,228,
39,56,229,
39,57,230,
39,58,231,
39,59,232,
40,-10,231,
40,-9,230,
40,-8,229,
40,-7,228,
40,-6,227,
40,-5,226,
40,-4,225,
40,-3,224,
40,-2,223,
40,-1,222,
40,0,221,
40,1,220,
40,2,219,
40,3,217,
40,4,215,
40,5,213,
40,6,211,
40,7,211,
40,8,211,
40,9,211,
40,10,211,
40,11,209,
40,12,209,
40,13,210,
40,14,209,
40,15,208,
40,16,207,
40,17,208,
40,18,209,
40,19,210,
40,20,211,
40,21,210,
40,22,210,
40,23,209,
40,24,209,
40,25,208,
40,26,207,
40,27,208,
40,28,209,
40,29,209,
40,30,210,
40,31,210,
40,32,209,
40,33,208,
40,34,209,
40,35,209,
40,36,240,
40,37,210,
40,38,210,
40,39,210,
40,40,210,
40,41,210,
40,42,210,
40,43,210,
40,44,212,
40,45,214,
40,46,216,
40,47,218,
40,48,220,
40,49,222,
40,50,223,
40,51,224,
40,52,225,
40,53,226,
40,54,227,
40,55,228,
40,56,229,
40,57,230,
40,58,231,
40,59,232,
41,-10,231,
41,-9,230,
41,-8,229,
41,-7,228,
41,-6,227,
41,-5,226,
41,-4,225,
41,-3,224,
41,-2,223,
41,-1,222,
41,0,221,
41,1,220,
41,2,219,
41,3,218,
41,4,216,
41,5,214,
41,6,212,
41,7,212,
41,8,212,
41,9,212,
41,10,211,
41,11,209,
41,12,240,
41,13,208,
41,14,208,
41,15,207,
41,16,206,
41,17,207,
41,18,208,
41,19,209,
41,20,209,
41,21,209,
41,22,209,
41,23,240,
41,24,208,
41,25,207,
41,26,206,
41,27,207,
41,28,208,
41,29,209,
41,30,211,
41,31,211,
41,32,210,
41,33,209,
41,34,210,
41,35,211,
41,36,210,
41,37,211,
41,38,212,
41,39,212,
41,40,212,
41,41,212,
41,42,212,
41,43,212,
41,44,214,
41,45,216,
41,46,218,
41,47,220,
41,48,222,
41,49,223,
41,50,224,
41,51,225,
41,52,226,
41,53,227,
41,54,228,
41,55,229,
41,56,230,
41,57,231,
41,58,232,
41,59,233,
42,-10,232,
42,-9,231,
42,-8,230,
42,-7,229,
42,-6,228,
42,-5,227,
42,-4,226,
42,-3,225,
42,-2,224,
42,-1,223,
42,0,222,
42,1,221,
42,2,220,
42,3,219,
42,4,218,
42,5,216,
42,6,214,
42,7,214,
42,8,214,
42,9,213,
42,10,212,
42,11,211,
42,12,209,
42,13,209,
42,14,210,
42,15,210,
42,16,209,
42,17,210,
42,18,211,
42,19,211,
42,20,211,
42,21,211,
42,22,211,
42,23,209,
42,24,209,
42,25,208,
42,26,207,
42,27,208,
42,28,209,
42,29,209,
42,30,211,
42,31,211,
42,32,211,
42,33,210,
42,34,211,
42,35,211,
42,36,211,
42,37,212,
42,38,213,
42,39,214,
42,40,214,
42,41,214,
42,42,214,
42,43,214,
42,44,216,
42,45,218,
42,46,220,
42,47,222,
42,48,223,
42,49,224,
42,50,225,
42,51,226,
42,52,227,
42,53,228,
42,54,229,
42,55,230,
42,56,231,
42,57,232,
42,58,233,
42,59,234,
43,-10,233,
43,-9,232,
43,-8,231,
43,-7,230,
43,-6,229,
43,-5,228,
43,-4,227,
43,-3,226,
43,-2,225,
43,-1,224,
43,0,223,
43,1,222,
43,2,221,
43,3,220,
43,4,219,
43,5,218,
43,6,216,
43,7,216,
43,8,215,
43,9,214,
43,10,213,
43,11,211,
43,12,209,
43,13,209,
43,14,211,
43,15,211,
43,16,210,
43,17,211,
43,18,211,
43,19,211,
43,20,211,
43,21,211,
43,22,210,
43,23,209,
43,24,209,
43,25,209,
43,26,208,
43,27,209,
43,28,208,
43,29,209,
43,30,211,
43,31,211,
43,32,211,
43,33,211,
43,34,211,
43,35,211,
43,36,211,
43,37,213,
43,38,214,
43,39,215,
43,40,216,
43,41,216,
43,42,216,
43,43,216,
43,44,218,
43,45,220,
43,46,222,
43,47,223,
43,48,224,
43,49,225,
43,50,226,
43,51,227,
43,52,228,
43,53,229,
43,54,230,
43,55,231,
43,56,232,
43,57,233,
43,58,234,
43,59,235,
44,-10,232,
44,-9,231,
44,-8,230,
44,-7,229,
44,-6,228,
44,-5,227,
44,-4,226,
44,-3,225,
44,-2,224,
44,-1,223,
44,0,222,
44,1,221,
44,2,220,
44,3,219,
44,4,218,
44,5,217,
44,6,216,
44,7,215,
44,8,214,
44,9,213,
44,10,212,
44,11,211,
44,12,209,
44,13,240,
44,14,210,
44,15,211,
44,16,211,
44,17,211,
44,18,211,
44,19,211,
44,20,211,
44,21,210,
44,22,209,
44,23,208,
44,24,209,
44,25,209,
44,26,240,
44,27,208,
44,28,207,
44,29,208,
44,30,211,
44,31,211,
44,32,211,
44,33,211,
44,34,211,
44,35,211,
44,36,211,
44,37,213,
44,38,215,
44,39,216,
44,40,217,
44,41,218,
44,42,218,
44,43,218,
44,44,220,
44,45,222,
44,46,223,
44,47,224,
44,48,225,
44,49,226,
44,50,227,
44,51,228,
44,52,229,
44,53,230,
44,54,231,
44,55,232,
44,56,233,
44,57,234,
44,58,235,
44,59,236,
45,-10,233,
45,-9,232,
45,-8,231,
45,-7,230,
45,-6,229,
45,-5,228,
45,-4,227,
45,-3,226,
45,-2,225,
45,-1,224,
45,0,223,
45,1,222,
45,2,221,
45,3,220,
45,4,219,
45,5,218,
45,6,217,
45,7,216,
45,8,215,
45,9,214,
45,10,213,
45,11,212,
45,12,211,
45,13,210,
45,14,211,
45,15,212,
45,16,213,
45,17,213,
45,18,213,
45,19,213,
45,20,213,
45,21,213,
45,22,212,
45,23,211,
45,24,211,
45,25,211,
45,26,209,
45,27,209,
45,28,208,
45,29,209,
45,30,212,
45,31,212,
45,32,212,
45,33,212,
45,34,212,
45,35,212,
45,36,212,
45,37,214,
45,38,216,
45,39,217,
45,40,218,
45,41,219,
45,42,220,
45,43,220,
45,44,222,
45,45,223,
45,46,224,
45,47,225,
45,48,226,
45,49,227,
45,50,228,
45,51,229,
45,52,230,
45,53,231,
45,54,232,
45,55,233,
45,56,234,
45,57,235,
45,58,236,
45,59,237,
46,-10,234,
46,-9,233,
46,-8,232,
46,-7,231,
46,-6,230,
46,-5,229,
46,-4,228,
46,-3,227,
46,-2,226,
46,-1,225,
46,0,224,
46,1,223,
46,2,222,
46,3,221,
46,4,220,
46,5,219,
46,6,218,
46,7,217,
46,8,216,
46,9,215,
46,10,214,
46,11,213,
46,12,212,
46,13,211,
46,14,212,
46,15,213,
46,16,214,
46,17,215,
46,18,215,
46,19,215,
46,20,215,
46,21,215,
46,22,215,
46,23,213,
46,24,213,
46,25,211,
46,26,209,
46,27,209,
46,28,209,
46,29,210,
46,30,212,
46,31,212,
46,32,212,
46,33,212,
46,34,212,
46,35,212,
46,36,212,
46,37,214,
46,38,216,
46,39,218,
46,40,219,
46,41,220,
46,42,221,
46,43,222,
46,44,223,
46,45,224,
46,46,225,
46,47,226,
46,48,227,
46,49,228,
46,50,229,
46,51,230,
46,52,231,
46,53,232,
46,54,233,
46,55,234,
46,56,235,
46,57,236,
46,58,237,
46,59,238,
47,-10,235,
47,-9,234,
47,-8,233,
47,-7,232,
47,-6,231,
47,-5,230,
47,-4,229,
47,-3,228,
47,-2,227,
47,-1,226,
47,0,225,
47,1,224,
47,2,223,
47,3,222,
47,4,221,
47,5,220,
47,6,219,
47,7,218,
47,8,217,
47,9,216,
47,10,215,
47,11,214,
47,12,213,
47,13,212,
47,14,213,
47,15,214,
47,16,215,
47,17,216,
47,18,216,
47,19,216,
47,20,216,
47,21,216,
47,22,215,
47,23,214,
47,24,213,
47,25,211,
47,26,209,
47,27,209,
47,28,240,
47,29,210,
47,30,211,
47,31,212,
47,32,212,
47,33,212,
47,34,212,
47,35,212,
47,36,212,
47,37,214,
47,38,216,
47,39,218,
47,40,220,
47,41,221,
47,42,222,
47,43,223,
47,44,224,
47,45,225,
47,46,226,
47,47,227,
47,48,228,
47,49,229,
47,50,230,
47,51,231,
47,52,232,
47,53,233,
47,54,234,
47,55,235,
47,56,236,
47,57,237,
47,58,238,
47,59,239,
48,-10,236,
48,-9,235,
48,-8,234,
48,-7,233,
48,-6,232,
48,-5,231,
48,-4,230,
48,-3,229,
48,-2,228,
48,-1,227,
48,0,226,
48,1,225,
48,2,224,
48,3,223,
48,4,222,
48,5,221,
48,6,220,
48,7,219,
48,8,218,
48,9,217,
48,10,216,
48,11,215,
48,12,214,
48,13,213,
48,14,214,
48,15,215,
48,16,216,
48,17,217,
48,18,218,
48,19,218,
48,20,218,
48,21,217,
48,22,216,
48,23,215,
48,24,214,
48,25,213,
48,26,211,
48,27,211,
48,28,210,
48,29,211,
48,30,212,
48,31,213,
48,32,214,
48,33,214,
48,34,214,
48,35,214,
48,36,214,
48,37,216,
48,38,218,
48,39,220,
48,40,221,
48,41,222,
48,42,223,
48,43,224,
48,44,225,
48,45,226,
48,46,227,
48,47,228,
48,48,229,
48,49,230,
48,50,231,
48,51,232,
48,52,233,
48,53,234,
48,54,235,
48,55,236,
48,56,237,
48,57,238,
48,58,239,
48,59,240,
49,-10,237,
49,-9,236,
49,-8,235,
49,-7,234,
49,-6,233,
49,-5,232,
49,-4,231,
49,-3,230,
49,-2,229,
49,-1,228,
49,0,227,
49,1,226,
49,2,225,
49,3,224,
49,4,223,
49,5,222,
49,6,221,
49,7,220,
49,8,219,
49,9,218,
49,10,217,
49,11,216,
49,12,215,
49,13,214,
49,14,215,
49,15,216,
49,16,217,
49,17,218,
49,18,219,
49,19,220,
49,20,219,
49,21,218,
49,22,217,
49,23,216,
49,24,215,
49,25,214,
49,26,213,
49,27,212,
49,28,211,
49,29,212,
49,30,213,
49,31,214,
49,32,215,
49,33,216,
49,34,216,
49,35,216,
49,36,216,
49,37,218,
49,38,220,
49,39,221,
49,40,222,
49,41,223,
49,42,224,
49,43,225,
49,44,226,
49,45,227,
49,46,228,
49,47,229,
49,48,230,
49,49,231,
49,50,232,
49,51,233,
49,52,234,
49,53,235,
49,54,236,
49,55,237,
49,56,238,
49,57,239,
49,58,240,
49,59,241,
50,-10,238,
50,-9,237,
50,-8,236,
50,-7,235,
50,-6,234,
50,-5,233,
50,-4,232,
50,-3,231,
50,-2,230,
50,-1,229,
50,0,228,
50,1,227,
50,2,226,
50,3,225,
50,4,224,
50,5,223,
50,6,222,
50,7,221,
50,8,220,
50,9,219,
50,10,218,
50,11,217,
50,12,216,
50,13,215,
50,14,216,
50,15,217,
50,16,218,
50,17,219,
50,18,220,
50,19,221,
50,20,220,
50,21,219,
50,22,218,
50,23,217,
50,24,216,
50,25,215,
50,26,214,
50,27,213,
50,28,212,
50,29,213,
50,30,214,
50,31,215,
50,32,216,
50,33,217,
50,34,218,
50,35,218,
50,36,218,
50,37,220,
50,38,221,
50,39,222,
50,40,223,
50,41,224,
50,42,225,
50,43,226,
50,44,227,
50,45,228,
50,46,229,
50,47,230,
50,48,231,
50,49,232,
50,50,233,
50,51,234,
50,52,235,
50,53,236,
50,54,237,
50,55,238,
50,56,239,
50,57,240,
50,58,241,
50,59,242,
51,-10,239,
51,-9,238,
51,-8,237,
51,-7,236,
51,-6,235,
51,-5,234,
51,-4,233,
51,-3,232,
51,-2,231,
51,-1,230,
51,0,229,
51,1,228,
51,2,227,
51,3,226,
51,4,225,
51,5,224,
51,6,223,
51,7,222,
51,8,221,
51,9,220,
51,10,219,
51,11,218,
51,12,217,
51,13,216,
51,14,217,
51,15,218,
51,16,219,
51,17,220,
51,18,221,
51,19,222,
51,20,221,
51,21,220,
51,22,219,
51,23,218,
51,24,217,
51,25,216,
51,26,215,
51,27,214,
51,28,213,
51,29,214,
51,30,215,
51,31,216,
51,32,217,
51,33,218,
51,34,219,
51,35,220,
51,36,220,
51,37,221,
51,38,222,
51,39,223,
51,40,224,
51,41,225,
51,42,226,
51,43,227,
51,44,228,
51,45,229,
51,46,230,
51,47,231,
51,48,232,
51,49,233,
51,50,234,
51,51,235,
51,52,236,
51,53,237,
51,54,238,
51,55,239,
51,56,240,
51,57,241,
51,58,242,
51,59,243,
52,-10,240,
52,-9,239,
52,-8,238,
52,-7,237,
52,-6,236,
52,-5,235,
52,-4,234,
52,-3,233,
52,-2,232,
52,-1,231,
52,0,230,
52,1,229,
52,2,228,
52,3,227,
52,4,226,
52,5,225,
52,6,224,
52,7,223,
52,8,222,
52,9,221,
52,10,220,
52,11,219,
52,12,218,
52,13,217,
52,14,218,
52,15,219,
52,16,220,
52,17,221,
52,18,222,
52,19,223,
52,20,222,
52,21,221,
52,22,220,
52,23,219,
52,24,218,
52,25,217,
52,26,216,
52,27,215,
52,28,214,
52,29,215,
52,30,216,
52,31,217,
52,32,218,
52,33,219,
52,34,220,
52,35,221,
52,36,221,
52,37,222,
52,38,223,
52,39,224,
52,40,225,
52,41,226,
52,42,227,
52,43,228,
52,44,229,
52,45,230,
52,46,231,
52,47,232,
52,48,233,
52,49,234,
52,50,235,
52,51,236,
52,52,237,
52,53,238,
52,54,239,
52,55,240,
52,56,241,
52,57,242,
52,58,243,
52,59,244,
53,-10,241,
53,-9,240,
53,-8,239,
53,-7,238,
53,-6,237,
53,-5,236,
53,-4,235,
53,-3,234,
53,-2,233,
53,-1,232,
53,0,231,
53,1,230,
53,2,229,
53,3,228,
53,4,227,
53,5,226,
53,6,225,
53,7,224,
53,8,223,
53,9,222,
53,10,221,
53,11,220,
53,12,219,
53,13,218,
53,14,219,
53,15,220,
53,16,221,
53,17,222,
53,18,223,
53,19,224,
53,20,223,
53,21,222,
53,22,221,
53,23,220,
53,24,219,
53,25,218,
53,26,217,
53,27,216,
53,28,215,
53,29,216,
53,30,217,
53,31,218,
53,32,219,
53,33,220,
53,34,221,
53,35,222,
53,36,222,
53,37,223,
53,38,224,
53,39,225,
53,40,226,
53,41,227,
53,42,228,
53,43,229,
53,44,230,
53,45,231,
53,46,232,
53,47,233,
53,48,234,
53,49,235,
53,50,236,
53,51,237,
53,52,238,
53,53,239,
53,54,240,
53,55,241,
53,56,242,
53,57,243,
53,58,244,
53,59,245,
54,-10,242,
54,-9,241,
54,-8,240,
54,-7,239,
54,-6,238,
54,-5,237,
54,-4,236,
54,-3,235,
54,-2,234,
54,-1,233,
54,0,232,
54,1,231,
54,2,230,
54,3,229,
54,4,228,
54,5,227,
54,6,226,
54,7,225,
54,8,224,
54,9,223,
54,10,222,
54,11,221,
54,12,220,
54,13,219,
54,14,220,
54,15,221,
54,16,222,
54,17,223,
54,18,224,
54,19,225,
54,20,224,
54,21,223,
54,22,222,
54,23,221,
54,24,220,
54,25,219,
54,26,218,
54,27,217,
54,28,216,
54,29,217,
54,30,218,
54,31,219,
54,32,220,
54,33,221,
54,34,222,
54,35,223,
54,36,223,
54,37,224,
54,38,225,
54,39,226,
54,40,227,
54,41,228,
54,42,229,
54,43,230,
54,44,231,
54,45,232,
54,46,233,
54,47,234,
54,48,235,
54,49,236,
54,50,237,
54,51,238,
54,52,239,
54,53,240,
54,54,241,
54,55,242,
54,56,243,
54,57,244,
54,58,245,
54,59,246,
55,-10,243,
55,-9,242,
55,-8,241,
55,-7,240,
55,-6,239,
55,-5,238,
55,-4,237,
55,-3,236,
55,-2,235,
55,-1,234,
55,0,233,
55,1,232,
55,2,231,
55,3,230,
55,4,229,
55,5,228,
55,6,227,
55,7,226,
55,8,225,
55,9,224,
55,10,223,
55,11,222,
55,12,221,
55,13,220,
55,14,221,
55,15,222,
55,16,223,
55,17,224,
55,18,225,
55,19,226,
55,20,225,
55,21,224,
55,22,223,
55,23,222,
55,24,221,
55,25,220,
55,26,219,
55,27,218,
55,28,217,
55,29,218,
55,30,219,
55,31,220,
55,32,221,
55,33,222,
55,34,223,
55,35,224,
55,36,224,
55,37,225,
55,38,226,
55,39,227,
55,40,228,
55,41,229,
55,42,230,
55,43,231,
55,44,232,
55,45,233,
55,46,234,
55,47,235,
55,48,236,
55,49,237,
55,50,238,
55,51,239,
55,52,240,
55,53,241,
55,54,242,
55,55,243,
55,56,244,
55,57,245,
55,58,246,
55,59,247,
56,-10,244,
56,-9,243,
56,-8,242,
56,-7,241,
56,-6,240,
56,-5,239,
56,-4,238,
56,-3,237,
56,-2,236,
56,-1,235,
56,0,234,
56,1,233,
56,2,232,
56,3,231,
56,4,230,
56,5,229,
56,6,228,
56,7,227,
56,8,226,
56,9,225,
56,10,224,
56,11,223,
56,12,222,
56,13,221,
56,14,222,
56,15,223,
56,16,224,
56,17,225,
56,18,226,
56,19,227,
56,20,226,
56,21,225,
56,22,224,
56,23,223,
56,24,222,
56,25,221,
56,26,220,
56,27,219,
56,28,218,
56,29,219,
56,30,220,
56,31,221,
56,32,222,
56,33,223,
56,34,224,
56,35,225,
56,36,225,
56,37,226,
56,38,227,
56,39,228,
56,40,229,
56,41,230,
56,42,231,
56,43,232,
56,44,233,
56,45,234,
56,46,235,
56,47,236,
56,48,237,
56,49,238,
56,50,239,
56,51,240,
56,52,241,
56,53,242,
56,54,243,
56,55,244,
56,56,245,
56,57,246,
56,58,247,
56,59,248,
57,-10,245,
57,-9,244,
57,-8,243,
57,-7,242,
57,-6,241,
57,-5,240,
57,-4,239,
57,-3,238,
57,-2,237,
57,-1,236,
57,0,235,
57,1,234,
57,2,233,
57,3,232,
57,4,231,
57,5,230,
57,6,229,
57,7,228,
57,8,227,
57,9,226,
57,10,225,
57,11,224,
57,12,223,
57,13,222,
57,14,223,
57,15,224,
57,16,225,
57,17,226,
57,18,227,
57,19,228,
57,20,227,
57,21,226,
57,22,225,
57,23,224,
57,24,223,
57,25,222,
57,26,221,
57,27,220,
57,28,219,
57,29,220,
57,30,221,
57,31,222,
57,32,223,
57,33,224,
57,34,225,
57,35,226,
57,36,226,
57,37,227,
57,38,228,
57,39,229,
57,40,230,
57,41,231,
57,42,232,
57,43,233,
57,44,234,
57,45,235,
57,46,236,
57,47,237,
57,48,238,
57,49,239,
57,50,240,
57,51,241,
57,52,242,
57,53,243,
57,54,244,
57,55,245,
57,56,246,
57,57,247,
57,58,248,
57,59,249,
58,-10,246,
58,-9,245,
58,-8,244,
58,-7,243,
58,-6,242,
58,-5,241,
58,-4,240,
58,-3,239,
58,-2,238,
58,-1,237,
58,0,236,
58,1,235,
58,2,234,
58,3,233,
58,4,232,
58,5,231,
58,6,230,
58,7,229,
58,8,228,
58,9,227,
58,10,226,
58,11,225,
58,12,224,
58,13,223,
58,14,224,
58,15,225,
58,16,226,
58,17,227,
58,18,228,
58,19,229,
58,20,228,
58,21,227,
58,22,226,
58,23,225,
58,24,224,
58,25,223,
58,26,222,
58,27,221,
58,28,220,
58,29,221,
58,30,222,
58,31,223,
58,32,224,
58,33,225,
58,34,226,
58,35,227,
58,36,227,
58,37,228,
58,38,229,
58,39,230,
58,40,231,
58,41,232,
58,42,233,
58,43,234,
58,44,235,
58,45,236,
58,46,237,
58,47,238,
58,48,239,
58,49,240,
58,50,241,
58,51,242,
58,52,243,
58,53,244,
58,54,245,
58,55,246,
58,56,247,
58,57,248,
58,58,249,
58,59,250,
59,-10,247,
59,-9,246,
59,-8,245,
59,-7,244,
59,-6,243,
59,-5,242,
59,-4,241,
59,-3,240,
59,-2,239,
59,-1,238,
59,0,237,
59,1,236,
59,2,235,
59,3,234,
59,4,233,
59,5,232,
59,6,231,
59,7,230,
59,8,229,
59,9,228,
59,10,227,
59,11,226,
59,12,225,
59,13,224,
59,14,225,
59,15,226,
59,16,227,
59,17,228,
59,18,229,
59,19,230,
59,20,229,
59,21,228,
59,22,227,
59,23,226,
59,24,225,
59,25,224,
59,26,223,
59,27,222,
59,28,221,
59,29,222,
59,30,223,
59,31,224,
59,32,225,
59,33,226,
59,34,227,
59,35,228,
59,36,228,
59,37,229,
59,38,230,
59,39,231,
59,40,232,
59,41,233,
59,42,234,
59,43,235,
59,44,236,
59,45,237,
59,46,238,
59,47,239,
59,48,240,
59,49,241,
59,50,242,
59,51,243,
59,52,244,
59,53,245,
59,54,246,
59,55,247,
59,56,248,
59,57,249,
59,58,250,
59,59,251,
