36,-23,229,
36,-22,229,
36,-21,228,
36,-20,227,
36,-19,226,
36,-18,225,
36,-17,224,
36,-16,223,
36,-15,222,
36,-14,221,
36,-13,220,
36,-12,219,
36,-11,218,
36,-10,217,
36,-9,216,
36,-8,217,
36,-7,218,
36,-6,219,
36,-5,220,
36,-4,221,
36,-3,222,
36,-2,223,
36,-1,224,
36,0,225,
36,1,226,
36,2,227,
36,3,227,
36,4,227,
36,5,226,
36,6,226,
36,7,228,
36,8,229,
36,9,230,
36,10,230,
36,11,230,
36,12,230,
36,13,230,
36,14,230,
36,15,230,
36,16,229,
36,17,230,
36,18,230,
36,19,230,
36,20,230,
36,21,230,
36,22,230,
36,23,230,
36,24,230,
36,25,230,
36,26,230,
36,27,230,
36,28,229,
36,29,228,
36,30,227,
36,31,226,
36,32,227,
36,33,228,
36,34,229,
37,-23,229,
37,-22,229,
37,-21,229,
37,-20,228,
37,-19,227,
37,-18,226,
37,-17,225,
37,-16,224,
37,-15,223,
37,-14,222,
37,-13,221,
37,-12,220,
37,-11,219,
37,-10,218,
37,-9,217,
37,-8,218,
37,-7,219,
37,-6,220,
37,-5,221,
37,-4,222,
37,-3,223,
37,-2,224,
37,-1,225,
37,0,226,
37,1,227,
37,2,228,
37,3,229,
37,4,229,
37,5,228,
37,6,228,
37,7,229,
37,8,230,
37,9,231,
37,10,232,
37,11,232,
37,12,232,
37,13,232,
37,14,232,
37,15,231,
37,16,230,
37,17,231,
37,18,232,
37,19,232,
37,20,232,
37,21,232,
37,22,232,
37,23,232,
37,24,232,
37,25,232,
37,26,232,
37,27,231,
37,28,230,
37,29,229,
37,30,228,
37,31,227,
37,32,228,
37,33,229,
37,34,229,
38,-23,229,
38,-22,229,
38,-21,229,
38,-20,229,
38,-19,228,
38,-18,227,
38,-17,226,
38,-16,225,
38,-15,224,
38,-14,223,
38,-13,222,
38,-12,221,
38,-11,220,
38,-10,219,
38,-9,218,
38,-8,219,
38,-7,220,
38,-6,221,
38,-5,222,
38,-4,223,
38,-3,224,
38,-2,225,
38,-1,226,
38,0,227,
38,1,228,
38,2,229,
38,3,230,
38,4,231,
38,5,230,
38,6,229,
38,7,230,
38,8,231,
38,9,232,
38,10,233,
38,11,234,
38,12,234,
38,13,234,
38,14,233,
38,15,232,
38,16,231,
38,17,232,
38,18,233,
38,19,234,
38,20,234,
38,21,234,
38,22,234,
38,23,234,
38,24,234,
38,25,234,
38,26,233,
38,27,232,
38,28,231,
38,29,230,
38,30,229,
38,31,228,
38,32,229,
38,33,229,
38,34,229,
39,-23,228,
39,-22,229,
39,-21,229,
39,-20,229,
39,-19,229,
39,-18,228,
39,-17,227,
39,-16,226,
39,-15,225,
39,-14,224,
39,-13,223,
39,-12,222,
39,-11,221,
39,-10,220,
39,-9,219,
39,-8,220,
39,-7,221,
39,-6,222,
39,-5,223,
39,-4,224,
39,-3,225,
39,-2,226,
39,-1,227,
39,0,228,
39,1,229,
39,2,230,
39,3,231,
39,4,232,
39,5,231,
39,6,230,
39,7,231,
39,8,232,
39,9,233,
39,10,234,
39,11,235,
39,12,236,
39,13,235,
39,14,234,
39,15,233,
39,16,232,
39,17,233,
39,18,234,
39,19,235,
39,20,236,
39,21,236,
39,22,236,
39,23,236,
39,24,236,
39,25,235,
39,26,234,
39,27,233,
39,28,232,
39,29,231,
39,30,230,
39,31,229,
39,32,229,
39,33,229,
39,34,229,
40,-23,227,
40,-22,228,
40,-21,229,
40,-20,229,
40,-19,229,
40,-18,229,
40,-17,228,
40,-16,227,
40,-15,226,
40,-14,225,
40,-13,224,
40,-12,223,
40,-11,222,
40,-10,221,
40,-9,220,
40,-8,221,
40,-7,222,
40,-6,223,
40,-5,224,
40,-4,225,
40,-3,226,
40,-2,227,
40,-1,228,
40,0,229,
40,1,230,
40,2,231,
40,3,232,
40,4,231,
40,5,230,
40,6,231,
40,7,232,
40,8,233,
40,9,234,
40,10,235,
40,11,236,
40,12,237,
40,13,236,
40,14,235,
40,15,234,
40,16,233,
40,17,234,
40,18,235,
40,19,236,
40,20,237,
40,21,238,
40,22,238,
40,23,238,
40,24,237,
40,25,236,
40,26,235,
40,27,234,
40,28,233,
40,29,232,
40,30,231,
40,31,229,
40,32,229,
40,33,229,
40,34,229,
41,-23,226,
41,-22,227,
41,-21,228,
41,-20,229,
41,-19,229,
41,-18,229,
41,-17,229,
41,-16,228,
41,-15,227,
41,-14,226,
41,-13,225,
41,-12,224,
41,-11,223,
41,-10,222,
41,-9,221,
41,-8,222,
41,-7,223,
41,-6,224,
41,-5,225,
41,-4,226,
41,-3,227,
41,-2,228,
41,-1,229,
41,0,230,
41,1,231,
41,2,232,
41,3,231,
41,4,230,
41,5,229,
41,6,230,
41,7,233,
41,8,234,
41,9,235,
41,10,236,
41,11,237,
41,12,238,
41,13,237,
41,14,236,
41,15,235,
41,16,234,
41,17,235,
41,18,236,
41,19,237,
41,20,238,
41,21,239,
41,22,240,
41,23,239,
41,24,238,
41,25,237,
41,26,236,
41,27,235,
41,28,234,
41,29,233,
41,30,231,
41,31,229,
41,32,229,
41,33,229,
41,34,229,
42,-23,225,
42,-22,226,
42,-21,227,
42,-20,228,
42,-19,229,
42,-18,229,
42,-17,229,
42,-16,229,
42,-15,228,
42,-14,227,
42,-13,226,
42,-12,225,
42,-11,224,
42,-10,223,
42,-9,222,
42,-8,223,
42,-7,224,
42,-6,225,
42,-5,226,
42,-4,227,
42,-3,228,
42,-2,229,
42,-1,230,
42,0,231,
42,1,232,
42,2,231,
42,3,230,
42,4,229,
42,5,228,
42,6,229,
42,7,231,
42,8,233,
42,9,234,
42,10,235,
42,11,236,
42,12,237,
42,13,236,
42,14,235,
42,15,234,
42,16,233,
42,17,234,
42,18,235,
42,19,236,
42,20,237,
42,21,238,
42,22,239,
42,23,240,
42,24,239,
42,25,238,
42,26,237,
42,27,236,
42,28,235,
42,29,233,
42,30,231,
42,31,229,
42,32,229,
42,33,229,
42,34,229,
43,-23,224,
43,-22,225,
43,-21,226,
43,-20,227,
43,-19,228,
43,-18,229,
43,-17,229,
43,-16,229,
43,-15,229,
43,-14,228,
43,-13,227,
43,-12,226,
43,-11,225,
43,-10,224,
43,-9,223,
43,-8,224,
43,-7,225,
43,-6,226,
43,-5,227,
43,-4,228,
43,-3,229,
43,-2,230,
43,-1,231,
43,0,232,
43,1,231,
43,2,230,
43,3,229,
43,4,228,
43,5,227,
43,6,227,
43,7,229,
43,8,231,
43,9,233,
43,10,234,
43,11,235,
43,12,236,
43,13,235,
43,14,234,
43,15,233,
43,16,232,
43,17,233,
43,18,234,
43,19,235,
43,20,236,
43,21,237,
43,22,238,
43,23,239,
43,24,240,
43,25,239,
43,26,238,
43,27,237,
43,28,235,
43,29,233,
43,30,231,
43,31,229,
43,32,229,
43,33,229,
43,34,229,
44,-23,223,
44,-22,224,
44,-21,225,
44,-20,226,
44,-19,227,
44,-18,228,
44,-17,229,
44,-16,229,
44,-15,229,
44,-14,229,
44,-13,228,
44,-12,227,
44,-11,226,
44,-10,225,
44,-9,224,
44,-8,225,
44,-7,226,
44,-6,227,
44,-5,228,
44,-4,229,
44,-3,230,
44,-2,231,
44,-1,232,
44,0,231,
44,1,230,
44,2,229,
44,3,228,
44,4,227,
44,5,225,
44,6,225,
44,7,227,
44,8,229,
44,9,231,
44,10,233,
44,11,234,
44,12,235,
44,13,234,
44,14,233,
44,15,232,
44,16,231,
44,17,232,
44,18,233,
44,19,234,
44,20,235,
44,21,236,
44,22,237,
44,23,238,
44,24,239,
44,25,240,
44,26,239,
44,27,237,
44,28,235,
44,29,233,
44,30,231,
44,31,229,
44,32,229,
44,33,229,
44,34,229,
45,-23,222,
45,-22,223,
45,-21,224,
45,-20,225,
45,-19,226,
45,-18,227,
45,-17,228,
45,-16,229,
45,-15,229,
45,-14,229,
45,-13,229,
45,-12,228,
45,-11,227,
45,-10,226,
45,-9,225,
45,-8,226,
45,-7,227,
45,-6,228,
45,-5,229,
45,-4,230,
45,-3,231,
45,-2,232,
45,-1,231,
45,0,230,
45,1,229,
45,2,228,
45,3,227,
45,4,225,
45,5,223,
45,6,223,
45,7,225,
45,8,227,
45,9,229,
45,10,231,
45,11,233,
45,12,234,
45,13,233,
45,14,232,
45,15,231,
45,16,230,
45,17,231,
45,18,232,
45,19,233,
45,20,234,
45,21,235,
45,22,236,
45,23,237,
45,24,238,
45,25,239,
45,26,239,
45,27,237,
45,28,235,
45,29,233,
45,30,231,
45,31,229,
45,32,229,
45,33,229,
45,34,229,
46,-23,221,
46,-22,222,
46,-21,223,
46,-20,224,
46,-19,225,
46,-18,226,
46,-17,227,
46,-16,228,
46,-15,229,
46,-14,229,
46,-13,229,
46,-12,229,
46,-11,228,
46,-10,227,
46,-9,226,
46,-8,227,
46,-7,228,
46,-6,229,
46,-5,230,
46,-4,231,
46,-3,232,
46,-2,231,
46,-1,230,
46,0,229,
46,1,228,
46,2,227,
46,3,225,
46,4,223,
46,5,221,
46,6,221,
46,7,223,
46,8,225,
46,9,227,
46,10,229,
46,11,231,
46,12,233,
46,13,232,
46,14,231,
46,15,230,
46,16,229,
46,17,230,
46,18,231,
46,19,232,
46,20,233,
46,21,234,
46,22,235,
46,23,236,
46,24,237,
46,25,237,
46,26,237,
46,27,237,
46,28,235,
46,29,233,
46,30,231,
46,31,229,
46,32,229,
46,33,229,
46,34,229,
47,-23,220,
47,-22,221,
47,-21,222,
47,-20,223,
47,-19,224,
47,-18,225,
47,-17,226,
47,-16,227,
47,-15,228,
47,-14,229,
47,-13,229,
47,-12,229,
47,-11,229,
47,-10,228,
47,-9,227,
47,-8,228,
47,-7,229,
47,-6,230,
47,-5,231,
47,-4,232,
47,-3,231,
47,-2,230,
47,-1,229,
47,0,228,
47,1,227,
47,2,225,
47,3,223,
47,4,221,
47,5,219,
47,6,219,
47,7,221,
47,8,223,
47,9,225,
47,10,227,
47,11,229,
47,12,231,
47,13,231,
47,14,230,
47,15,229,
47,16,228,
47,17,229,
47,18,230,
47,19,231,
47,20,232,
47,21,233,
47,22,234,
47,23,235,
47,24,235,
47,25,235,
47,26,235,
47,27,235,
47,28,235,
47,29,233,
47,30,231,
47,31,229,
47,32,229,
47,33,229,
47,34,229,
48,-23,219,
48,-22,220,
48,-21,221,
48,-20,222,
48,-19,223,
48,-18,224,
48,-17,225,
48,-16,226,
48,-15,227,
48,-14,228,
48,-13,229,
48,-12,229,
48,-11,229,
48,-10,229,
48,-9,228,
48,-8,229,
48,-7,230,
48,-6,231,
48,-5,232,
48,-4,231,
48,-3,230,
48,-2,229,
48,-1,228,
48,0,227,
48,1,225,
48,2,223,
48,3,221,
48,4,219,
48,5,217,
48,6,217,
48,7,219,
48,8,221,
48,9,223,
48,10,225,
48,11,227,
48,12,229,
48,13,229,
48,14,229,
48,15,228,
48,16,227,
48,17,228,
48,18,229,
48,19,230,
48,20,231,
48,21,232,
48,22,233,
48,23,233,
48,24,233,
48,25,233,
48,26,233,
48,27,233,
48,28,233,
48,29,233,
48,30,231,
48,31,229,
48,32,229,
48,33,229,
48,34,229,
49,-23,218,
49,-22,219,
49,-21,220,
49,-20,221,
49,-19,222,
49,-18,223,
49,-17,224,
49,-16,225,
49,-15,226,
49,-14,227,
49,-13,228,
49,-12,229,
49,-11,229,
49,-10,229,
49,-9,229,
49,-8,230,
49,-7,231,
49,-6,232,
49,-5,231,
49,-4,230,
49,-3,229,
49,-2,228,
49,-1,227,
49,0,225,
49,1,223,
49,2,221,
49,3,219,
49,4,217,
49,5,215,
49,6,215,
49,7,217,
49,8,219,
49,9,221,
49,10,223,
49,11,225,
49,12,227,
49,13,227,
49,14,227,
49,15,227,
49,16,226,
49,17,227,
49,18,228,
49,19,229,
49,20,230,
49,21,231,
49,22,231,
49,23,231,
49,24,231,
49,25,231,
49,26,231,
49,27,231,
49,28,231,
49,29,231,
49,30,231,
49,31,229,
49,32,229,
49,33,229,
49,34,229,
50,-23,217,
50,-22,218,
50,-21,219,
50,-20,220,
50,-19,221,
50,-18,222,
50,-17,223,
50,-16,224,
50,-15,225,
50,-14,226,
50,-13,227,
50,-12,227,
50,-11,229,
50,-10,229,
50,-9,229,
50,-8,231,
50,-7,232,
50,-6,231,
50,-5,230,
50,-4,229,
50,-3,228,
50,-2,227,
50,-1,225,
50,0,223,
50,1,221,
50,2,219,
50,3,217,
50,4,215,
50,5,213,
50,6,213,
50,7,215,
50,8,217,
50,9,219,
50,10,221,
50,11,223,
50,12,225,
50,13,225,
50,14,225,
50,15,225,
50,16,225,
50,17,226,
50,18,227,
50,19,228,
50,20,229,
50,21,229,
50,22,229,
50,23,229,
50,24,229,
50,25,229,
50,26,229,
50,27,229,
50,28,229,
50,29,229,
50,30,229,
50,31,229,
50,32,229,
50,33,229,
50,34,229,
51,-23,216,
51,-22,217,
51,-21,218,
51,-20,219,
51,-19,220,
51,-18,221,
51,-17,222,
51,-16,223,
51,-15,224,
51,-14,225,
51,-13,225,
51,-12,225,
51,-11,227,
51,-10,229,
51,-9,229,
51,-8,231,
51,-7,231,
51,-6,230,
51,-5,229,
51,-4,228,
51,-3,227,
51,-2,226,
51,-1,225,
51,0,223,
51,1,221,
51,2,219,
51,3,217,
51,4,215,
51,5,213,
51,6,213,
51,7,215,
51,8,217,
51,9,219,
51,10,221,
51,11,223,
51,12,225,
51,13,225,
51,14,225,
51,15,225,
51,16,225,
51,17,227,
51,18,228,
51,19,229,
51,20,229,
51,21,229,
51,22,229,
51,23,229,
51,24,229,
51,25,229,
51,26,229,
51,27,229,
51,28,229,
51,29,229,
51,30,229,
51,31,229,
51,32,231,
51,33,231,
51,34,231,
52,-23,215,
52,-22,216,
52,-21,217,
52,-20,218,
52,-19,219,
52,-18,220,
52,-17,221,
52,-16,222,
52,-15,223,
52,-14,223,
52,-13,223,
52,-12,223,
52,-11,225,
52,-10,227,
52,-9,229,
52,-8,229,
52,-7,229,
52,-6,229,
52,-5,228,
52,-4,227,
52,-3,226,
52,-2,225,
52,-1,224,
52,0,223,
52,1,221,
52,2,219,
52,3,217,
52,4,215,
52,5,213,
52,6,213,
52,7,215,
52,8,217,
52,9,219,
52,10,221,
52,11,223,
52,12,225,
52,13,225,
52,14,225,
52,15,225,
52,16,225,
52,17,227,
52,18,229,
52,19,229,
52,20,229,
52,21,229,
52,22,229,
52,23,229,
52,24,229,
52,25,229,
52,26,229,
52,27,229,
52,28,229,
52,29,229,
52,30,229,
52,31,229,
52,32,231,
52,33,233,
52,34,233,
53,-23,216,
53,-22,217,
53,-21,218,
53,-20,219,
53,-19,220,
53,-18,221,
53,-17,222,
53,-16,223,
53,-15,223,
53,-14,223,
53,-13,223,
53,-12,223,
53,-11,225,
53,-10,227,
53,-9,227,
53,-8,229,
53,-7,229,
53,-6,229,
53,-5,229,
53,-4,228,
53,-3,227,
53,-2,226,
53,-1,225,
53,0,224,
53,1,223,
53,2,221,
53,3,219,
53,4,217,
53,5,215,
53,6,215,
53,7,217,
53,8,219,
53,9,221,
53,10,223,
53,11,225,
53,12,227,
53,13,227,
53,14,227,
53,15,227,
53,16,227,
53,17,229,
53,18,229,
53,19,229,
53,20,229,
53,21,229,
53,22,229,
53,23,229,
53,24,229,
53,25,229,
53,26,229,
53,27,229,
53,28,229,
53,29,229,
53,30,229,
53,31,229,
53,32,231,
53,33,233,
53,34,235,
54,-23,217,
54,-22,218,
54,-21,219,
54,-20,220,
54,-19,221,
54,-18,222,
54,-17,223,
54,-16,223,
54,-15,223,
54,-14,223,
54,-13,223,
54,-12,223,
54,-11,225,
54,-10,225,
54,-9,225,
54,-8,227,
54,-7,229,
54,-6,229,
54,-5,229,
54,-4,229,
54,-3,228,
54,-2,227,
54,-1,226,
54,0,225,
54,1,224,
54,2,223,
54,3,221,
54,4,219,
54,5,217,
54,6,217,
54,7,219,
54,8,221,
54,9,223,
54,10,225,
54,11,227,
54,12,229,
54,13,229,
54,14,229,
54,15,229,
54,16,229,
54,17,229,
54,18,229,
54,19,229,
54,20,229,
54,21,229,
54,22,229,
54,23,229,
54,24,229,
54,25,229,
54,26,229,
54,27,229,
54,28,229,
54,29,229,
54,30,229,
54,31,229,
54,32,231,
54,33,233,
54,34,235,
55,-23,218,
55,-22,219,
55,-21,220,
55,-20,221,
55,-19,222,
55,-18,223,
55,-17,223,
55,-16,223,
55,-15,223,
55,-14,223,
55,-13,223,
55,-12,223,
55,-11,223,
55,-10,223,
55,-9,223,
55,-8,225,
55,-7,227,
55,-6,229,
55,-5,229,
55,-4,229,
55,-3,229,
55,-2,228,
55,-1,227,
55,0,226,
55,1,225,
55,2,224,
55,3,223,
55,4,221,
55,5,219,
55,6,219,
55,7,221,
55,8,223,
55,9,225,
55,10,227,
55,11,229,
55,12,231,
55,13,231,
55,14,231,
55,15,231,
55,16,229,
55,17,229,
55,18,229,
55,19,229,
55,20,229,
55,21,229,
55,22,229,
55,23,229,
55,24,229,
55,25,229,
55,26,229,
55,27,229,
55,28,229,
55,29,229,
55,30,229,
55,31,229,
55,32,231,
55,33,233,
55,34,235,
56,-23,219,
56,-22,220,
56,-21,221,
56,-20,222,
56,-19,223,
56,-18,223,
56,-17,223,
56,-16,223,
56,-15,223,
56,-14,223,
56,-13,223,
56,-12,221,
56,-11,221,
56,-10,221,
56,-9,221,
56,-8,223,
56,-7,225,
56,-6,227,
56,-5,229,
56,-4,229,
56,-3,229,
56,-2,229,
56,-1,228,
56,0,227,
56,1,226,
56,2,225,
56,3,224,
56,4,223,
56,5,221,
56,6,221,
56,7,223,
56,8,225,
56,9,227,
56,10,229,
56,11,231,
56,12,233,
56,13,233,
56,14,233,
56,15,231,
56,16,229,
56,17,229,
56,18,229,
56,19,229,
56,20,229,
56,21,229,
56,22,229,
56,23,229,
56,24,229,
56,25,229,
56,26,229,
56,27,229,
56,28,229,
56,29,229,
56,30,229,
56,31,229,
56,32,231,
56,33,233,
56,34,235,
57,-23,220,
57,-22,221,
57,-21,222,
57,-20,223,
57,-19,223,
57,-18,223,
57,-17,223,
57,-16,223,
57,-15,223,
57,-14,223,
57,-13,221,
57,-12,219,
57,-11,219,
57,-10,219,
57,-9,219,
57,-8,221,
57,-7,223,
57,-6,225,
57,-5,227,
57,-4,229,
57,-3,229,
57,-2,229,
57,-1,229,
57,0,228,
57,1,227,
57,2,226,
57,3,225,
57,4,224,
57,5,223,
57,6,223,
57,7,225,
57,8,227,
57,9,229,
57,10,231,
57,11,233,
57,12,235,
57,13,235,
57,14,233,
57,15,231,
57,16,229,
57,17,229,
57,18,229,
57,19,229,
57,20,229,
57,21,229,
57,22,229,
57,23,229,
57,24,229,
57,25,229,
57,26,229,
57,27,229,
57,28,229,
57,29,229,
57,30,229,
57,31,229,
57,32,231,
57,33,233,
57,34,235,
58,-23,223,
58,-22,224,
58,-21,225,
58,-20,225,
58,-19,225,
58,-18,225,
58,-17,225,
58,-16,225,
58,-15,225,
58,-14,223,
58,-13,221,
58,-12,219,
58,-11,219,
58,-10,219,
58,-9,219,
58,-8,221,
58,-7,223,
58,-6,225,
58,-5,227,
58,-4,228,
58,-3,229,
58,-2,229,
58,-1,229,
58,0,229,
58,1,228,
58,2,227,
58,3,226,
58,4,225,
58,5,224,
58,6,225,
58,7,227,
58,8,229,
58,9,231,
58,10,233,
58,11,235,
58,12,237,
58,13,235,
58,14,233,
58,15,231,
58,16,229,
58,17,229,
58,18,229,
58,19,229,
58,20,229,
58,21,229,
58,22,229,
58,23,229,
58,24,229,
58,25,229,
58,26,229,
58,27,229,
58,28,229,
58,29,229,
58,30,229,
58,31,229,
58,32,231,
58,33,233,
58,34,235,
59,-23,226,
59,-22,227,
59,-21,227,
59,-20,227,
59,-19,227,
59,-18,227,
59,-17,227,
59,-16,227,
59,-15,225,
59,-14,223,
59,-13,221,
59,-12,219,
59,-11,219,
59,-10,219,
59,-9,219,
59,-8,221,
59,-7,223,
59,-6,225,
59,-5,226,
59,-4,227,
59,-3,228,
59,-2,229,
59,-1,229,
59,0,229,
59,1,229,
59,2,228,
59,3,227,
59,4,226,
59,5,225,
59,6,226,
59,7,229,
59,8,231,
59,9,233,
59,10,235,
59,11,237,
59,12,236,
59,13,235,
59,14,233,
59,15,231,
59,16,229,
59,17,229,
59,18,229,
59,19,229,
59,20,229,
59,21,229,
59,22,229,
59,23,229,
59,24,229,
59,25,229,
59,26,229,
59,27,229,
59,28,229,
59,29,229,
59,30,229,
59,31,229,
59,32,231,
59,33,233,
59,34,235,
60,-23,229,
60,-22,229,
60,-21,229,
60,-20,229,
60,-19,229,
60,-18,229,
60,-17,229,
60,-16,227,
60,-15,225,
60,-14,223,
60,-13,221,
60,-12,219,
60,-11,219,
60,-10,219,
60,-9,219,
60,-8,221,
60,-7,223,
60,-6,224,
60,-5,225,
60,-4,226,
60,-3,227,
60,-2,228,
60,-1,229,
60,0,229,
60,1,229,
60,2,229,
60,3,228,
60,4,227,
60,5,226,
60,6,227,
60,7,230,
60,8,233,
60,9,235,
60,10,237,
60,11,236,
60,12,235,
60,13,234,
60,14,233,
60,15,231,
60,16,229,
60,17,229,
60,18,229,
60,19,229,
60,20,229,
60,21,229,
60,22,229,
60,23,229,
60,24,229,
60,25,229,
60,26,229,
60,27,229,
60,28,229,
60,29,229,
60,30,229,
60,31,229,
60,32,231,
60,33,233,
60,34,235,
61,-23,231,
61,-22,231,
61,-21,231,
61,-20,231,
61,-19,231,
61,-18,231,
61,-17,229,
61,-16,227,
61,-15,225,
61,-14,223,
61,-13,221,
61,-12,219,
61,-11,219,
61,-10,219,
61,-9,219,
61,-8,221,
61,-7,222,
61,-6,223,
61,-5,224,
61,-4,225,
61,-3,226,
61,-2,227,
61,-1,228,
61,0,229,
61,1,229,
61,2,229,
61,3,229,
61,4,228,
61,5,227,
61,6,228,
61,7,231,
61,8,234,
61,9,237,
61,10,236,
61,11,235,
61,12,234,
61,13,233,
61,14,232,
61,15,231,
61,16,229,
61,17,229,
61,18,229,
61,19,229,
61,20,229,
61,21,229,
61,22,229,
61,23,229,
61,24,229,
61,25,229,
61,26,229,
61,27,229,
61,28,229,
61,29,229,
61,30,229,
61,31,229,
61,32,231,
61,33,233,
61,34,235,
62,-23,233,
62,-22,233,
62,-21,233,
62,-20,233,
62,-19,233,
62,-18,231,
62,-17,229,
62,-16,227,
62,-15,225,
62,-14,223,
62,-13,221,
62,-12,219,
62,-11,219,
62,-10,219,
62,-9,219,
62,-8,220,
62,-7,221,
62,-6,222,
62,-5,223,
62,-4,224,
62,-3,225,
62,-2,226,
62,-1,227,
62,0,228,
62,1,229,
62,2,229,
62,3,229,
62,4,229,
62,5,228,
62,6,229,
62,7,232,
62,8,235,
62,9,235,
62,10,235,
62,11,234,
62,12,233,
62,13,232,
62,14,231,
62,15,230,
62,16,229,
62,17,229,
62,18,229,
62,19,229,
62,20,229,
62,21,229,
62,22,229,
62,23,229,
62,24,229,
62,25,229,
62,26,229,
62,27,229,
62,28,229,
62,29,229,
62,30,229,
62,31,229,
62,32,231,
62,33,233,
62,34,235,
63,-23,235,
63,-22,235,
63,-21,235,
63,-20,235,
63,-19,233,
63,-18,231,
63,-17,229,
63,-16,227,
63,-15,225,
63,-14,223,
63,-13,221,
63,-12,219,
63,-11,219,
63,-10,219,
63,-9,218,
63,-8,219,
63,-7,220,
63,-6,221,
63,-5,222,
63,-4,223,
63,-3,224,
63,-2,225,
63,-1,226,
63,0,227,
63,1,228,
63,2,229,
63,3,229,
63,4,229,
63,5,229,
63,6,230,
63,7,233,
63,8,233,
63,9,233,
63,10,233,
63,11,233,
63,12,232,
63,13,231,
63,14,230,
63,15,229,
63,16,228,
63,17,229,
63,18,229,
63,19,229,
63,20,229,
63,21,229,
63,22,229,
63,23,229,
63,24,229,
63,25,229,
63,26,229,
63,27,229,
63,28,229,
63,29,229,
63,30,229,
63,31,229,
63,32,231,
63,33,233,
63,34,235,
64,-23,237,
64,-22,237,
64,-21,237,
64,-20,235,
64,-19,233,
64,-18,231,
64,-17,229,
64,-16,227,
64,-15,225,
64,-14,223,
64,-13,221,
64,-12,219,
64,-11,219,
64,-10,218,
64,-9,217,
64,-8,218,
64,-7,219,
64,-6,220,
64,-5,221,
64,-4,222,
64,-3,223,
64,-2,224,
64,-1,225,
64,0,226,
64,1,227,
64,2,228,
64,3,229,
64,4,229,
64,5,229,
64,6,231,
64,7,231,
64,8,231,
64,9,231,
64,10,231,
64,11,231,
64,12,231,
64,13,230,
64,14,229,
64,15,228,
64,16,227,
64,17,228,
64,18,229,
64,19,229,
64,20,229,
64,21,229,
64,22,229,
64,23,229,
64,24,229,
64,25,229,
64,26,229,
64,27,229,
64,28,229,
64,29,229,
64,30,229,
64,31,229,
64,32,231,
64,33,233,
64,34,235,
65,-23,239,
65,-22,239,
65,-21,237,
65,-20,235,
65,-19,233,
65,-18,231,
65,-17,229,
65,-16,227,
65,-15,225,
65,-14,223,
65,-13,221,
65,-12,219,
65,-11,218,
65,-10,217,
65,-9,216,
65,-8,217,
65,-7,218,
65,-6,219,
65,-5,220,
65,-4,221,
65,-3,222,
65,-2,223,
65,-1,224,
65,0,225,
65,1,226,
65,2,227,
65,3,228,
65,4,229,
65,5,229,
65,6,229,
65,7,229,
65,8,229,
65,9,229,
65,10,229,
65,11,229,
65,12,229,
65,13,229,
65,14,228,
65,15,227,
65,16,226,
65,17,227,
65,18,228,
65,19,229,
65,20,229,
65,21,229,
65,22,229,
65,23,229,
65,24,229,
65,25,229,
65,26,229,
65,27,229,
65,28,229,
65,29,229,
65,30,229,
65,31,229,
65,32,231,
65,33,233,
65,34,235,
66,-23,241,
66,-22,240,
66,-21,239,
66,-20,237,
66,-19,235,
66,-18,233,
66,-17,231,
66,-16,229,
66,-15,227,
66,-14,225,
66,-13,223,
66,-12,220,
66,-11,219,
66,-10,218,
66,-9,217,
66,-8,218,
66,-7,219,
66,-6,220,
66,-5,221,
66,-4,222,
66,-3,223,
66,-2,224,
66,-1,225,
66,0,226,
66,1,227,
66,2,228,
66,3,229,
66,4,230,
66,5,229,
66,6,229,
66,7,229,
66,8,229,
66,9,229,
66,10,229,
66,11,229,
66,12,229,
66,13,229,
66,14,229,
66,15,228,
66,16,227,
66,17,228,
66,18,229,
66,19,229,
66,20,229,
66,21,229,
66,22,229,
66,23,229,
66,24,229,
66,25,229,
66,26,229,
66,27,229,
66,28,229,
66,29,229,
66,30,229,
66,31,229,
66,32,231,
66,33,233,
66,34,235,
67,-23,242,
67,-22,241,
67,-21,240,
67,-20,239,
67,-19,237,
67,-18,235,
67,-17,233,
67,-16,231,
67,-15,229,
67,-14,227,
67,-13,224,
67,-12,221,
67,-11,220,
67,-10,219,
67,-9,218,
67,-8,219,
67,-7,220,
67,-6,221,
67,-5,222,
67,-4,223,
67,-3,224,
67,-2,225,
67,-1,226,
67,0,227,
67,1,228,
67,2,229,
67,3,230,
67,4,229,
67,5,228,
67,6,229,
67,7,229,
67,8,229,
67,9,229,
67,10,229,
67,11,229,
67,12,229,
67,13,229,
67,14,229,
67,15,229,
67,16,228,
67,17,229,
67,18,229,
67,19,229,
67,20,229,
67,21,229,
67,22,229,
67,23,229,
67,24,229,
67,25,229,
67,26,229,
67,27,229,
67,28,229,
67,29,229,
67,30,229,
67,31,229,
67,32,231,
67,33,233,
67,34,235,
68,-23,243,
68,-22,242,
68,-21,241,
68,-20,240,
68,-19,239,
68,-18,237,
68,-17,235,
68,-16,233,
68,-15,231,
68,-14,228,
68,-13,225,
68,-12,222,
68,-11,221,
68,-10,220,
68,-9,219,
68,-8,220,
68,-7,221,
68,-6,222,
68,-5,223,
68,-4,224,
68,-3,225,
68,-2,226,
68,-1,227,
68,0,228,
68,1,229,
68,2,230,
68,3,229,
68,4,228,
68,5,227,
68,6,228,
68,7,229,
68,8,229,
68,9,229,
68,10,229,
68,11,229,
68,12,229,
68,13,229,
68,14,229,
68,15,229,
68,16,229,
68,17,229,
68,18,229,
68,19,229,
68,20,229,
68,21,229,
68,22,229,
68,23,229,
68,24,229,
68,25,229,
68,26,229,
68,27,229,
68,28,229,
68,29,229,
68,30,229,
68,31,229,
68,32,231,
68,33,233,
68,34,235,
69,-23,243,
69,-22,243,
69,-21,242,
69,-20,241,
69,-19,240,
69,-18,239,
69,-17,237,
69,-16,235,
69,-15,232,
69,-14,229,
69,-13,226,
69,-12,223,
69,-11,222,
69,-10,221,
69,-9,220,
69,-8,221,
69,-7,222,
69,-6,223,
69,-5,224,
69,-4,225,
69,-3,226,
69,-2,227,
69,-1,228,
69,0,229,
69,1,230,
69,2,230,
69,3,230,
69,4,229,
69,5,228,
69,6,229,
69,7,230,
69,8,231,
69,9,231,
69,10,231,
69,11,231,
69,12,231,
69,13,231,
69,14,231,
69,15,231,
69,16,230,
69,17,231,
69,18,231,
69,19,231,
69,20,231,
69,21,231,
69,22,231,
69,23,231,
69,24,231,
69,25,231,
69,26,231,
69,27,231,
69,28,231,
69,29,231,
69,30,231,
69,31,231,
69,32,233,
69,33,235,
69,34,237,
70,-23,243,
70,-22,243,
70,-21,243,
70,-20,242,
70,-19,241,
70,-18,240,
70,-17,239,
70,-16,236,
70,-15,233,
70,-14,230,
70,-13,227,
70,-12,224,
70,-11,223,
70,-10,222,
70,-9,221,
70,-8,222,
70,-7,223,
70,-6,224,
70,-5,225,
70,-4,226,
70,-3,227,
70,-2,228,
70,-1,229,
70,0,230,
70,1,230,
70,2,230,
70,3,230,
70,4,230,
70,5,229,
70,6,230,
70,7,231,
70,8,232,
70,9,233,
70,10,233,
70,11,233,
70,12,233,
70,13,233,
70,14,233,
70,15,232,
70,16,231,
70,17,232,
70,18,233,
70,19,233,
70,20,233,
70,21,233,
70,22,233,
70,23,233,
70,24,233,
70,25,233,
70,26,233,
70,27,233,
70,28,233,
70,29,233,
70,30,233,
70,31,233,
70,32,235,
70,33,237,
70,34,239,
71,-23,243,
71,-22,243,
71,-21,243,
71,-20,243,
71,-19,242,
71,-18,241,
71,-17,239,
71,-16,237,
71,-15,234,
71,-14,231,
71,-13,228,
71,-12,225,
71,-11,224,
71,-10,223,
71,-9,222,
71,-8,223,
71,-7,224,
71,-6,225,
71,-5,226,
71,-4,227,
71,-3,228,
71,-2,229,
71,-1,230,
71,0,230,
71,1,230,
71,2,230,
71,3,230,
71,4,230,
71,5,230,
71,6,231,
71,7,232,
71,8,233,
71,9,234,
71,10,235,
71,11,235,
71,12,235,
71,13,235,
71,14,234,
71,15,233,
71,16,232,
71,17,233,
71,18,234,
71,19,235,
71,20,235,
71,21,235,
71,22,235,
71,23,235,
71,24,235,
71,25,235,
71,26,235,
71,27,235,
71,28,235,
71,29,235,
71,30,235,
71,31,235,
71,32,237,
71,33,239,
71,34,241,
72,-23,243,
72,-22,243,
72,-21,243,
72,-20,243,
72,-19,243,
72,-18,241,
72,-17,239,
72,-16,237,
72,-15,235,
72,-14,232,
72,-13,229,
72,-12,226,
72,-11,225,
72,-10,224,
72,-9,223,
72,-8,224,
72,-7,225,
72,-6,226,
72,-5,227,
72,-4,228,
72,-3,229,
72,-2,230,
72,-1,230,
72,0,230,
72,1,230,
72,2,230,
72,3,230,
72,4,230,
72,5,230,
72,6,232,
72,7,233,
72,8,234,
72,9,235,
72,10,236,
72,11,237,
72,12,237,
72,13,236,
72,14,235,
72,15,234,
72,16,233,
72,17,234,
72,18,235,
72,19,236,
72,20,237,
72,21,237,
72,22,237,
72,23,237,
72,24,237,
72,25,237,
72,26,237,
72,27,237,
72,28,237,
72,29,237,
72,30,237,
72,31,237,
72,32,239,
72,33,241,
72,34,243,
73,-23,243,
73,-22,243,
73,-21,243,
73,-20,243,
73,-19,243,
73,-18,241,
73,-17,239,
73,-16,237,
73,-15,235,
73,-14,233,
73,-13,230,
73,-12,227,
73,-11,226,
73,-10,225,
73,-9,224,
73,-8,225,
73,-7,226,
73,-6,227,
73,-5,228,
73,-4,229,
73,-3,230,
73,-2,230,
73,-1,230,
73,0,230,
73,1,230,
73,2,230,
73,3,230,
73,4,230,
73,5,230,
73,6,232,
73,7,234,
73,8,235,
73,9,236,
73,10,237,
73,11,238,
73,12,238,
73,13,237,
73,14,236,
73,15,235,
73,16,234,
73,17,235,
73,18,236,
73,19,237,
73,20,238,
73,21,239,
73,22,239,
73,23,239,
73,24,239,
73,25,239,
73,26,239,
73,27,239,
73,28,239,
73,29,239,
73,30,239,
73,31,239,
73,32,241,
73,33,243,
73,34,245,
74,-23,243,
74,-22,243,
74,-21,243,
74,-20,243,
74,-19,243,
74,-18,241,
74,-17,239,
74,-16,237,
74,-15,235,
74,-14,233,
74,-13,231,
74,-12,228,
74,-11,227,
74,-10,226,
74,-9,225,
74,-8,226,
74,-7,227,
74,-6,228,
74,-5,229,
74,-4,230,
74,-3,230,
74,-2,230,
74,-1,230,
74,0,230,
74,1,230,
74,2,230,
74,3,230,
74,4,230,
74,5,230,
74,6,232,
74,7,234,
74,8,236,
74,9,237,
74,10,238,
74,11,238,
74,12,238,
74,13,238,
74,14,237,
74,15,236,
74,16,235,
74,17,236,
74,18,237,
74,19,238,
74,20,239,
74,21,240,
74,22,241,
74,23,241,
74,24,241,
74,25,241,
74,26,241,
74,27,241,
74,28,241,
74,29,241,
74,30,241,
74,31,241,
74,32,243,
74,33,245,
74,34,247,
75,-23,243,
75,-22,243,
75,-21,243,
75,-20,243,
75,-19,243,
75,-18,241,
75,-17,239,
75,-16,237,
75,-15,235,
75,-14,233,
75,-13,231,
75,-12,229,
75,-11,228,
75,-10,227,
75,-9,226,
75,-8,227,
75,-7,228,
75,-6,229,
75,-5,230,
75,-4,230,
75,-3,230,
75,-2,230,
75,-1,230,
75,0,230,
75,1,230,
75,2,230,
75,3,230,
75,4,230,
75,5,230,
75,6,232,
75,7,234,
75,8,236,
75,9,238,
75,10,238,
75,11,238,
75,12,238,
75,13,238,
75,14,238,
75,15,237,
75,16,236,
75,17,237,
75,18,238,
75,19,239,
75,20,240,
75,21,241,
75,22,242,
75,23,243,
75,24,243,
75,25,243,
75,26,243,
75,27,243,
75,28,243,
75,29,243,
75,30,243,
75,31,243,
75,32,245,
75,33,247,
75,34,249,
76,-23,243,
76,-22,243,
76,-21,243,
76,-20,243,
76,-19,243,
76,-18,241,
76,-17,239,
76,-16,237,
76,-15,235,
76,-14,233,
76,-13,231,
76,-12,229,
76,-11,229,
76,-10,228,
76,-9,227,
76,-8,228,
76,-7,229,
76,-6,230,
76,-5,230,
76,-4,230,
76,-3,230,
76,-2,230,
76,-1,230,
76,0,230,
76,1,230,
76,2,230,
76,3,230,
76,4,230,
76,5,230,
76,6,232,
76,7,234,
76,8,236,
76,9,238,
76,10,238,
76,11,238,
76,12,238,
76,13,238,
76,14,238,
76,15,238,
76,16,237,
76,17,238,
76,18,239,
76,19,240,
76,20,241,
76,21,242,
76,22,243,
76,23,244,
76,24,245,
76,25,245,
76,26,245,
76,27,245,
76,28,245,
76,29,245,
76,30,245,
76,31,245,
76,32,247,
76,33,249,
76,34,251,
77,-23,243,
77,-22,243,
77,-21,243,
77,-20,243,
77,-19,243,
77,-18,241,
77,-17,239,
77,-16,237,
77,-15,235,
77,-14,233,
77,-13,231,
77,-12,229,
77,-11,229,
77,-10,229,
77,-9,228,
77,-8,229,
77,-7,230,
77,-6,230,
77,-5,230,
77,-4,230,
77,-3,230,
77,-2,230,
77,-1,230,
77,0,230,
77,1,230,
77,2,230,
77,3,230,
77,4,230,
77,5,230,
77,6,232,
77,7,234,
77,8,236,
77,9,238,
77,10,238,
77,11,238,
77,12,238,
77,13,238,
77,14,238,
77,15,238,
77,16,238,
77,17,239,
77,18,240,
77,19,241,
77,20,242,
77,21,243,
77,22,244,
77,23,245,
77,24,246,
77,25,247,
77,26,247,
77,27,247,
77,28,247,
77,29,247,
77,30,247,
77,31,247,
77,32,249,
77,33,251,
77,34,253,
78,-23,243,
78,-22,243,
78,-21,243,
78,-20,243,
78,-19,243,
78,-18,241,
78,-17,239,
78,-16,237,
78,-15,235,
78,-14,233,
78,-13,231,
78,-12,229,
78,-11,229,
78,-10,229,
78,-9,229,
78,-8,230,
78,-7,230,
78,-6,230,
78,-5,230,
78,-4,230,
78,-3,230,
78,-2,230,
78,-1,230,
78,0,230,
78,1,230,
78,2,230,
78,3,230,
78,4,230,
78,5,230,
78,6,232,
78,7,234,
78,8,236,
78,9,238,
78,10,238,
78,11,238,
78,12,238,
78,13,238,
78,14,238,
78,15,238,
78,16,238,
78,17,240,
78,18,241,
78,19,242,
78,20,243,
78,21,244,
78,22,245,
78,23,246,
78,24,247,
78,25,248,
78,26,249,
78,27,249,
78,28,249,
78,29,249,
78,30,249,
78,31,249,
78,32,251,
78,33,253,
78,34,255,
79,-23,243,
79,-22,243,
79,-21,243,
79,-20,243,
79,-19,243,
79,-18,241,
79,-17,239,
79,-16,237,
79,-15,235,
79,-14,233,
79,-13,231,
79,-12,229,
79,-11,229,
79,-10,229,
79,-9,229,
79,-8,230,
79,-7,230,
79,-6,230,
79,-5,230,
79,-4,230,
79,-3,230,
79,-2,230,
79,-1,230,
79,0,230,
79,1,230,
79,2,230,
79,3,230,
79,4,230,
79,5,230,
79,6,232,
79,7,234,
79,8,236,
79,9,238,
79,10,238,
79,11,238,
79,12,238,
79,13,238,
79,14,238,
79,15,238,
79,16,238,
79,17,240,
79,18,242,
79,19,243,
79,20,244,
79,21,245,
79,22,246,
79,23,247,
79,24,248,
79,25,249,
79,26,250,
79,27,251,
79,28,251,
79,29,251,
79,30,251,
79,31,251,
79,32,253,
79,33,255,
79,34,257,
80,-23,243,
80,-22,243,
80,-21,243,
80,-20,243,
80,-19,242,
80,-18,241,
80,-17,239,
80,-16,237,
80,-15,235,
80,-14,233,
80,-13,231,
80,-12,229,
80,-11,229,
80,-10,229,
80,-9,229,
80,-8,230,
80,-7,230,
80,-6,230,
80,-5,230,
80,-4,230,
80,-3,230,
80,-2,230,
80,-1,230,
80,0,230,
80,1,230,
80,2,230,
80,3,230,
80,4,230,
80,5,230,
80,6,232,
80,7,234,
80,8,236,
80,9,238,
80,10,238,
80,11,238,
80,12,238,
80,13,238,
80,14,238,
80,15,238,
80,16,238,
80,17,240,
80,18,242,
80,19,244,
80,20,245,
80,21,246,
80,22,247,
80,23,248,
80,24,249,
80,25,250,
80,26,251,
80,27,252,
80,28,253,
80,29,253,
80,30,253,
80,31,253,
80,32,255,
80,33,257,
80,34,259,
81,-23,243,
81,-22,243,
81,-21,243,
81,-20,242,
81,-19,241,
81,-18,240,
81,-17,239,
81,-16,237,
81,-15,235,
81,-14,233,
81,-13,231,
81,-12,229,
81,-11,229,
81,-10,229,
81,-9,229,
81,-8,230,
81,-7,230,
81,-6,230,
81,-5,230,
81,-4,230,
81,-3,230,
81,-2,230,
81,-1,230,
81,0,230,
81,1,230,
81,2,230,
81,3,230,
81,4,230,
81,5,230,
81,6,232,
81,7,234,
81,8,236,
81,9,238,
81,10,238,
81,11,238,
81,12,238,
81,13,238,
81,14,238,
81,15,238,
81,16,238,
81,17,240,
81,18,242,
81,19,244,
81,20,246,
81,21,247,
81,22,248,
81,23,249,
81,24,250,
81,25,251,
81,26,252,
81,27,253,
81,28,254,
81,29,255,
81,30,255,
81,31,255,
81,32,257,
81,33,259,
81,34,260,
82,-23,243,
82,-22,243,
82,-21,242,
82,-20,241,
82,-19,240,
82,-18,239,
82,-17,238,
82,-16,237,
82,-15,235,
82,-14,233,
82,-13,231,
82,-12,229,
82,-11,229,
82,-10,229,
82,-9,229,
82,-8,230,
82,-7,230,
82,-6,230,
82,-5,230,
82,-4,230,
82,-3,230,
82,-2,230,
82,-1,230,
82,0,230,
82,1,230,
82,2,230,
82,3,230,
82,4,230,
82,5,230,
82,6,232,
82,7,234,
82,8,236,
82,9,238,
82,10,238,
82,11,238,
82,12,238,
82,13,238,
82,14,238,
82,15,238,
82,16,238,
82,17,240,
82,18,242,
82,19,244,
82,20,246,
82,21,248,
82,22,249,
82,23,250,
82,24,251,
82,25,252,
82,26,253,
82,27,254,
82,28,255,
82,29,256,
82,30,257,
82,31,257,
82,32,259,
82,33,260,
82,34,261,
83,-23,243,
83,-22,242,
83,-21,241,
83,-20,240,
83,-19,239,
83,-18,238,
83,-17,237,
83,-16,236,
83,-15,235,
83,-14,233,
83,-13,231,
83,-12,229,
83,-11,229,
83,-10,229,
83,-9,229,
83,-8,230,
83,-7,230,
83,-6,230,
83,-5,230,
83,-4,230,
83,-3,230,
83,-2,230,
83,-1,230,
83,0,230,
83,1,230,
83,2,230,
83,3,230,
83,4,230,
83,5,230,
83,6,232,
83,7,234,
83,8,236,
83,9,238,
83,10,238,
83,11,238,
83,12,238,
83,13,238,
83,14,238,
83,15,238,
83,16,238,
83,17,240,
83,18,242,
83,19,244,
83,20,246,
83,21,248,
83,22,250,
83,23,251,
83,24,252,
83,25,253,
83,26,254,
83,27,255,
83,28,256,
83,29,257,
83,30,258,
83,31,259,
83,32,260,
83,33,261,
83,34,262,
84,-23,242,
84,-22,241,
84,-21,240,
84,-20,239,
84,-19,238,
84,-18,237,
84,-17,236,
84,-16,235,
84,-15,234,
84,-14,233,
84,-13,231,
84,-12,229,
84,-11,229,
84,-10,229,
84,-9,229,
84,-8,230,
84,-7,230,
84,-6,230,
84,-5,230,
84,-4,230,
84,-3,230,
84,-2,230,
84,-1,230,
84,0,230,
84,1,230,
84,2,230,
84,3,230,
84,4,230,
84,5,230,
84,6,232,
84,7,234,
84,8,236,
84,9,238,
84,10,238,
84,11,238,
84,12,238,
84,13,238,
84,14,238,
84,15,238,
84,16,238,
84,17,240,
84,18,242,
84,19,244,
84,20,246,
84,21,248,
84,22,250,
84,23,252,
84,24,253,
84,25,254,
84,26,255,
84,27,256,
84,28,257,
84,29,258,
84,30,259,
84,31,260,
84,32,261,
84,33,262,
84,34,263,
85,-23,241,
85,-22,240,
85,-21,239,
85,-20,238,
85,-19,237,
85,-18,236,
85,-17,235,
85,-16,234,
85,-15,233,
85,-14,232,
85,-13,231,
85,-12,229,
85,-11,229,
85,-10,229,
85,-9,229,
85,-8,230,
85,-7,230,
85,-6,230,
85,-5,230,
85,-4,230,
85,-3,230,
85,-2,230,
85,-1,230,
85,0,230,
85,1,230,
85,2,230,
85,3,230,
85,4,230,
85,5,230,
85,6,232,
85,7,234,
85,8,236,
85,9,238,
85,10,238,
85,11,238,
85,12,238,
85,13,238,
85,14,238,
85,15,238,
85,16,238,
85,17,240,
85,18,242,
85,19,244,
85,20,246,
85,21,248,
85,22,250,
85,23,252,
85,24,254,
85,25,255,
85,26,256,
85,27,257,
85,28,258,
85,29,259,
85,30,260,
85,31,261,
85,32,262,
85,33,263,
85,34,264,
